Index,X,Y,Species,DBH,Age,a,b,Height
1,-3.51171508789063,-3.42426788330078,1,19.4605373841052,11,8.26000022888184,0.535199999809265,421.580732402918
2,1.93525192260742,1.2770783996582,1,20.8988511937905,11,8.26000022888184,0.535199999809265,442.114678347664
3,1.22712562561035,-1.39367767333984,1,19.4516612247709,11,8.26000022888184,0.535199999809265,421.453799455041
4,-4.61800201416016,4.13879302978516,1,20.2541626146924,11,8.26000022888184,0.535199999809265,432.919342151864
5,2.80540710449219,1.84677352905273,1,20.9597218151795,11,8.26000022888184,0.535199999809265,442.982176269599
6,-3.5892724609375,-3.73764251708984,1,20.7144002982633,11,8.26000022888184,0.535199999809265,439.485224137117
7,0.385220527648926,-3.82709594726563,1,20.8030975108516,11,8.26000022888184,0.535199999809265,440.749795257195
8,-3.04453460693359,-3.50615417480469,1,19.9113878461123,11,8.26000022888184,0.535199999809265,428.024648365977
9,-1.63580841064453,3.70380279541016,1,20.9152459222687,11,8.26000022888184,0.535199999809265,442.348340000552
10,2.10958572387695,-1.77821823120117,1,18.8565777951393,11,8.26000022888184,0.535199999809265,412.937878188273
11,-1.58528381347656,-2.06595947265625,1,20.7036963180384,11,8.26000022888184,0.535199999809265,439.332598015565
12,3.5439501953125,-0.996182403564453,1,17.4784044395055,11,8.26000022888184,0.535199999809265,393.170411378286
13,3.69089019775391,-1.10061454772949,1,20.3594130248076,11,8.26000022888184,0.535199999809265,434.421494999543
14,2.79103851318359,-2.96981231689453,1,19.314968663175,11,8.26000022888184,0.535199999809265,419.498705778789
15,-3.92911804199219,-4.51575378417969,1,20.3932307173294,11,8.26000022888184,0.535199999809265,434.904069106275
16,-3.33472625732422,-0.943811416625977,1,20.5956115138429,11,8.26000022888184,0.535199999809265,437.791223079079
17,3.0452880859375,-1.4917822265625,1,20.279168411096,11,8.26000022888184,0.535199999809265,433.276262715026
18,0.234667778015137,-0.578088302612305,1,17.5038935142949,11,8.26000022888184,0.535199999809265,393.536579815482
19,0.166872024536133,-3.47282897949219,1,20.9090298719068,11,8.26000022888184,0.535199999809265,442.259748391558
20,-3.36423400878906,3.45853912353516,1,19.9047608487675,11,8.26000022888184,0.535199999809265,427.929978901287
21,-1.65656280517578,-4.42918304443359,1,20.2214680149838,11,8.26000022888184,0.535199999809265,432.452644024085
22,-0.895319442749023,-3.74454284667969,1,20.9712545612976,11,8.26000022888184,0.535199999809265,443.146521383046
23,-1.43805221557617,-2.26154037475586,1,20.8138482187498,11,8.26000022888184,0.535199999809265,440.903052157409
24,-4.58831298828125,-3.56538757324219,1,20.8764686616904,11,8.26000022888184,0.535199999809265,441.795662648878
25,-1.51888793945312,0.607974052429199,1,20.5734645074672,11,8.26000022888184,0.535199999809265,437.475341322682
26,-0.617795486450195,-1.27343223571777,1,19.2916403281213,11,8.26000022888184,0.535199999809265,419.164982025473
27,1.02777908325195,-4.11883361816406,1,18.6339284673781,11,8.26000022888184,0.535199999809265,409.748638851925
28,2.73524627685547,3.02631134033203,1,20.7260690787513,11,8.26000022888184,0.535199999809265,439.651602835862
29,-4.10952392578125,1.74446563720703,1,20.8235380727629,11,8.26000022888184,0.535199999809265,441.041182747565
30,2.53180389404297,-0.059237003326416,1,20.5808576316015,11,8.26000022888184,0.535199999809265,437.580790931368
31,-0.770097274780273,3.35984008789063,1,19.9388603521643,11,8.26000022888184,0.535199999809265,428.417089196239
32,-3.63759887695312,-0.220034599304199,1,20.9112232283153,11,8.26000022888184,0.535199999809265,442.291008415666
33,-0.752913513183594,-4.32690704345703,1,20.6508721812512,11,8.26000022888184,0.535199999809265,438.579332454437
34,0.811453323364258,1.20124526977539,1,20.5499714079054,11,8.26000022888184,0.535199999809265,437.14024249276
35,-3.58048828125,1.63952224731445,1,20.9142616192371,11,8.26000022888184,0.535199999809265,442.334311726547
36,3.56011169433594,-2.43376449584961,1,20.8584077837994,11,8.26000022888184,0.535199999809265,441.538230868024
37,-3.97522064208984,0.846223373413086,1,20.707801701251,11,8.26000022888184,0.535199999809265,439.391136383507
38,4.21938659667969,-1.83931396484375,1,20.7821081390221,11,8.26000022888184,0.535199999809265,440.450569844363
39,4.29268829345703,3.27803405761719,1,20.7971510477777,11,8.26000022888184,0.535199999809265,440.665023702262
40,0.361843566894531,0.440459747314453,1,20.2897531779767,11,8.26000022888184,0.535199999809265,433.427338267713
41,3.05574310302734,3.21111450195313,1,20.7702204651909,11,8.26000022888184,0.535199999809265,440.281092149919
42,1.08496475219727,4.48840148925781,1,20.9082525770033,11,8.26000022888184,0.535199999809265,442.248670236892
43,1.137919921875,3.93455291748047,1,19.0853078089277,11,8.26000022888184,0.535199999809265,416.212502939142
44,3.15340270996094,-4.02943695068359,1,20.8869227335258,11,8.26000022888184,0.535199999809265,441.944665423459
45,0.100323677062988,-1.06314231872559,1,20.9584546304834,11,8.26000022888184,0.535199999809265,442.964118235798
46,0.679605484008789,4.68880187988281,1,20.8666369108363,11,8.26000022888184,0.535199999809265,441.655526555879
47,1.02759170532227,-3.35126983642578,1,19.2306703569555,11,8.26000022888184,0.535199999809265,418.292690076841
48,-1.39666748046875,3.38668334960937,1,18.3158672890179,11,8.26000022888184,0.535199999809265,405.189859600012
49,-0.567035217285156,1.80598968505859,1,19.7831647246377,11,8.26000022888184,0.535199999809265,426.192667818899
50,-3.67627044677734,-3.45088226318359,1,20.7240024441054,11,8.26000022888184,0.535199999809265,439.622136162977
51,2.43615982055664,-1.37154296875,1,20.7548067875739,11,8.26000022888184,0.535199999809265,440.061338675766
52,1.86471084594727,-0.425291519165039,1,18.1039244958947,11,8.26000022888184,0.535199999809265,402.150212441698
53,-1.21918724060059,3.97935638427734,1,19.8045933148011,11,8.26000022888184,0.535199999809265,426.498865586045
54,-2.5973486328125,-1.63003021240234,1,20.6383451927639,11,8.26000022888184,0.535199999809265,438.400685575053
55,-0.865957260131836,0.615717887878418,1,19.8815684101659,11,8.26000022888184,0.535199999809265,427.598653604624
56,-4.66946502685547,-0.304923534393311,1,19.4727846506969,11,8.26000022888184,0.535199999809265,421.755869357738
57,-1.60582595825195,4.21200927734375,1,19.376893820089,11,8.26000022888184,0.535199999809265,420.384489115036
58,4.36448486328125,-3.38636413574219,1,20.4693382864311,11,8.26000022888184,0.535199999809265,435.989975352592
59,4.82596496582031,4.08442596435547,1,20.9172289994118,11,8.26000022888184,0.535199999809265,442.376602692475
60,-3.48677856445312,0.415635604858398,1,20.7720729116325,11,8.26000022888184,0.535199999809265,440.307502028463
61,3.91459350585937,-2.47379257202148,1,20.8970814933638,11,8.26000022888184,0.535199999809265,442.089455613432
62,-2.82318695068359,0.267518043518066,1,20.833824862968,11,8.26000022888184,0.535199999809265,441.187819356425
63,-2.15628570556641,3.61211669921875,1,20.8140661865821,11,8.26000022888184,0.535199999809265,440.906159361863
64,1.86423767089844,2.68287750244141,1,14.9203423674961,11,8.26000022888184,0.535199999809265,356.312299075904
65,-3.60179321289062,3.45486053466797,1,20.1771393586399,11,8.26000022888184,0.535199999809265,431.819819184553
66,-2.0220475769043,-0.576682586669922,1,20.3557797321355,11,8.26000022888184,0.535199999809265,434.369646122361
67,-0.431943435668945,-0.978048324584961,1,18.7777085707638,11,8.26000022888184,0.535199999809265,411.80834007164
68,3.71523132324219,-2.78591400146484,1,20.3079154599615,11,8.26000022888184,0.535199999809265,433.686558431946
69,3.94876708984375,2.7009521484375,1,20.7343871895503,11,8.26000022888184,0.535199999809265,439.770203424353
70,3.36069946289062,4.88587127685547,1,20.7718794778504,11,8.26000022888184,0.535199999809265,440.30474429539
71,-4.90886779785156,2.2731217956543,1,18.4108865827627,11,8.26000022888184,0.535199999809265,406.552125606957
72,2.80822631835938,-1.91676803588867,1,20.532598846897,11,8.26000022888184,0.535199999809265,436.892433477963
73,-1.05732391357422,-1.92096038818359,1,20.5466205454083,11,8.26000022888184,0.535199999809265,437.092445257913
74,0.549976348876953,-2.85758605957031,1,20.7902361470162,11,8.26000022888184,0.535199999809265,440.566444821793
75,-0.472111206054687,2.13255981445313,1,20.0072875873058,11,8.26000022888184,0.535199999809265,429.394453509376
76,0.946197052001953,-3.31465942382812,1,20.7774662812569,11,8.26000022888184,0.535199999809265,440.384393338933
77,-3.34969146728516,-3.39695373535156,1,20.5306325172812,11,8.26000022888184,0.535199999809265,436.864384350617
78,-4.54225158691406,1.75647827148438,1,20.0017020018026,11,8.26000022888184,0.535199999809265,429.314678942378
79,4.28646270751953,-4.6034326171875,1,20.6817419679286,11,8.26000022888184,0.535199999809265,439.019542993556
80,-1.71789367675781,-2.85990814208984,1,20.2679381841279,11,8.26000022888184,0.535199999809265,433.115970492214
81,4.15814392089844,0.26973295211792,1,20.6335459989194,11,8.26000022888184,0.535199999809265,438.33224308357
82,2.08236694335938,3.77781951904297,1,20.3337330345401,11,8.26000022888184,0.535199999809265,434.055019479023
83,2.45373718261719,-4.24556243896484,1,20.4491875257043,11,8.26000022888184,0.535199999809265,435.702482111049
84,-4.32819183349609,-4.82661346435547,1,20.9336972734458,11,8.26000022888184,0.535199999809265,442.611302461886
85,1.6708659362793,3.4173095703125,1,20.5372311665617,11,8.26000022888184,0.535199999809265,436.958511680188
86,-0.666647415161133,-2.67824066162109,1,18.9931585293384,11,8.26000022888184,0.535199999809265,414.893452159222
87,0.639450073242188,1.65862655639648,1,20.7426080220605,11,8.26000022888184,0.535199999809265,439.887414749713
88,-0.0438385009765625,0.307569026947021,1,20.8770962454049,11,8.26000022888184,0.535199999809265,441.804607755328
89,-2.83570526123047,-4.69266418457031,1,20.8493935947431,11,8.26000022888184,0.535199999809265,441.409742543145
90,-3.13068176269531,-0.545263748168945,1,20.4901707881448,11,8.26000022888184,0.535199999809265,436.287180892767
91,-4.48655883789062,-2.64110809326172,1,19.8100650972094,11,8.26000022888184,0.535199999809265,426.577050625793
92,-4.31767852783203,-3.31444641113281,1,20.8345054288659,11,8.26000022888184,0.535199999809265,441.197520594446
93,0.748000640869141,-0.908740081787109,1,20.715042087849,11,8.26000022888184,0.535199999809265,439.494375178024
94,1.48696304321289,-4.23015014648437,1,20.6727744658617,11,8.26000022888184,0.535199999809265,438.891667531754
95,-1.8825764465332,-2.77217376708984,1,19.9861143277067,11,8.26000022888184,0.535199999809265,429.092046853731
96,4.51286682128906,1.28309005737305,1,20.7577601435551,11,8.26000022888184,0.535199999809265,440.103445411969
97,-0.782895584106445,1.749013671875,1,19.1778473892698,11,8.26000022888184,0.535199999809265,417.536856756435
98,-1.22168731689453,-0.400259017944336,1,20.9633550614149,11,8.26000022888184,0.535199999809265,443.033951601828
99,-0.805922012329102,1.74379333496094,1,20.5752800787369,11,8.26000022888184,0.535199999809265,437.501237347121
100,-2.74046905517578,1.70006149291992,1,20.6329582146298,11,8.26000022888184,0.535199999809265,438.323860493722
101,4.80968475341797,3.47465881347656,1,20.6994362504872,11,8.26000022888184,0.535199999809265,439.271853422769
102,-3.89460083007813,3.33852172851562,1,20.8438525971273,11,8.26000022888184,0.535199999809265,441.330759778207
103,-3.38717559814453,3.70333892822266,1,20.9387764739831,11,8.26000022888184,0.535199999809265,442.683687537579
104,-4.56633483886719,2.83954620361328,1,20.7278702360235,11,8.26000022888184,0.535199999809265,439.677284140083
105,3.78080383300781,-4.44957733154297,1,20.9471740435743,11,8.26000022888184,0.535199999809265,442.803361718525
106,0.639814834594727,-3.57693450927734,1,20.5816542576177,11,8.26000022888184,0.535199999809265,437.59215325927
107,-0.472378234863281,-4.63294128417969,1,20.286769998558,11,8.26000022888184,0.535199999809265,433.384759956991
108,4.06668182373047,0.687360305786133,1,20.4686419657803,11,8.26000022888184,0.535199999809265,435.98004109004
109,2.95395141601563,1.11802055358887,1,19.5754910188881,11,8.26000022888184,0.535199999809265,423.224383090983
110,1.82519897460938,-3.93628967285156,1,20.7772167662314,11,8.26000022888184,0.535199999809265,440.380836115219
111,-0.604665756225586,0.235483169555664,1,20.7548295947458,11,8.26000022888184,0.535199999809265,440.061663844441
112,3.99279388427734,-0.824288864135742,1,20.9617517289794,11,8.26000022888184,0.535199999809265,443.011103474352
113,-0.186764717102051,1.66138748168945,1,19.9374892762136,11,8.26000022888184,0.535199999809265,428.397504166184
114,1.03615234375,1.00541069030762,1,19.4555958691515,11,8.26000022888184,0.535199999809265,421.510066907819
115,1.29117004394531,-3.36236206054688,1,20.7690098821201,11,8.26000022888184,0.535199999809265,440.26383309982
116,-4.53680603027344,1.62006134033203,1,20.9512961108332,11,8.26000022888184,0.535199999809265,442.862104646521
117,4.52876281738281,-4.68265441894531,1,20.5430027481598,11,8.26000022888184,0.535199999809265,437.040840004686
118,4.47810272216797,-0.3004150390625,1,18.9924312839913,11,8.26000022888184,0.535199999809265,414.883041042465
119,-1.34176300048828,-0.646596450805664,1,20.7835556235716,11,8.26000022888184,0.535199999809265,440.471205717867
120,2.40896697998047,-2.60626708984375,1,20.7216558179352,11,8.26000022888184,0.535199999809265,439.588677118186
121,-1.86119842529297,4.81542785644531,1,20.2929064515466,11,8.26000022888184,0.535199999809265,433.472343976173
122,3.75302307128906,1.0477214050293,1,20.8230051028194,11,8.26000022888184,0.535199999809265,441.033585247401
123,-4.4281787109375,3.67296691894531,1,19.8367880898214,11,8.26000022888184,0.535199999809265,426.958875030107
124,1.1724658203125,-4.84267700195312,1,20.5297606216147,11,8.26000022888184,0.535199999809265,436.851946968198
125,-2.83722412109375,-0.838946838378906,1,20.5553413010546,11,8.26000022888184,0.535199999809265,437.216838723774
126,-0.672350387573242,0.810110092163086,1,19.8635068393812,11,8.26000022888184,0.535199999809265,427.340615095031
127,-2.85896667480469,-1.39778656005859,1,20.2626862529281,11,8.26000022888184,0.535199999809265,433.041006747234
128,4.67541137695313,-4.12399658203125,1,20.2993371947085,11,8.26000022888184,0.535199999809265,433.564126981348
129,1.80201751708984,2.71010986328125,1,16.4483733897294,11,8.26000022888184,0.535199999809265,378.355237011596
130,4.24098724365234,-1.59058624267578,1,20.3089927411171,11,8.26000022888184,0.535199999809265,433.701933523393
131,-4.66926086425781,3.79030212402344,1,18.7747382745032,11,8.26000022888184,0.535199999809265,411.765796465182
132,2.3462629699707,4.90001190185547,1,20.7725280572382,11,8.26000022888184,0.535199999809265,440.313990911264
133,-1.06304595947266,0.373456954956055,1,20.8182784140486,11,8.26000022888184,0.535199999809265,440.966205765298
134,-3.19721954345703,4.24254028320312,1,20.515508957839,11,8.26000022888184,0.535199999809265,436.648646825495
135,1.03722290039063,-4.21239654541016,1,20.419518010167,11,8.26000022888184,0.535199999809265,435.279159141957
136,3.41830993652344,0.714071273803711,1,20.9710930765286,11,8.26000022888184,0.535199999809265,443.144220206837
137,4.74360931396484,-2.96143920898438,1,20.8492083067006,11,8.26000022888184,0.535199999809265,441.407101417557
138,1.39555679321289,-4.81542022705078,1,20.9190268862708,11,8.26000022888184,0.535199999809265,442.402225951111
139,-2.00017166137695,-2.89796936035156,1,19.4637756141627,11,8.26000022888184,0.535199999809265,421.62703985289
140,0.253365516662598,1.30636779785156,1,20.7655583648453,11,8.26000022888184,0.535199999809265,440.21462521437
141,3.20250854492188,-4.93352905273438,1,20.6040589378963,11,8.26000022888184,0.535199999809265,437.911704016542
142,2.38371368408203,0.939087371826172,1,18.9559275356348,11,8.26000022888184,0.535199999809265,414.36043721672
143,-0.139948844909668,-4.28016296386719,1,20.8637904378584,11,8.26000022888184,0.535199999809265,441.61495397625
144,-1.91948364257813,-0.736883163452148,1,20.7729852425901,11,8.26000022888184,0.535199999809265,440.320508867226
145,-0.983849029541016,2.29568954467773,1,19.5929267687671,11,8.26000022888184,0.535199999809265,423.473647723549
146,1.19003005981445,1.05660865783691,1,20.3884648759988,11,8.26000022888184,0.535199999809265,434.836063465116
147,-0.079371452331543,1.7792366027832,1,18.7493358240968,11,8.26000022888184,0.535199999809265,411.401944744168
148,-0.816783447265625,-3.18879608154297,1,20.8880494626587,11,8.26000022888184,0.535199999809265,441.960724572874
149,-1.21707870483398,3.85408020019531,1,20.9194040621977,11,8.26000022888184,0.535199999809265,442.40760140162
150,1.53957244873047,-1.18634033203125,1,20.5713650379152,11,8.26000022888184,0.535199999809265,437.445395837439
151,-2.43215133666992,-1.77985000610352,1,20.4168270531509,11,8.26000022888184,0.535199999809265,435.240763273312
152,1.2530158996582,3.80229736328125,1,20.7542609387508,11,8.26000022888184,0.535199999809265,440.05355634061
153,0.718957901000977,-1.69598388671875,1,18.9102956231243,11,8.26000022888184,0.535199999809265,413.707088306209
154,-4.62061492919922,-3.84908447265625,1,19.2352333361076,11,8.26000022888184,0.535199999809265,418.357976487758
155,2.44993087768555,0.716068267822266,1,20.0690683932568,11,8.26000022888184,0.535199999809265,430.276751519061
156,-0.516243438720703,-0.967380523681641,1,19.3543350865727,11,8.26000022888184,0.535199999809265,420.06182159283
157,2.94285186767578,3.92794006347656,1,20.4372037190039,11,8.26000022888184,0.535199999809265,435.531501354858
158,0.885420303344727,-2.2528857421875,1,20.8781973748607,11,8.26000022888184,0.535199999809265,441.820302395153
159,1.49735076904297,3.10378662109375,1,20.4563684587086,11,8.26000022888184,0.535199999809265,435.804934862221
160,-3.56556671142578,-4.9232958984375,1,19.469037297162,11,8.26000022888184,0.535199999809265,421.702282412175
161,-0.666158676147461,3.25161804199219,1,20.2964615957756,11,8.26000022888184,0.535199999809265,433.523085065464
162,0.695355377197266,-1.67191558837891,1,20.7574107377349,11,8.26000022888184,0.535199999809265,440.098463860755
163,2.50965835571289,1.84599761962891,1,20.9166920354419,11,8.26000022888184,0.535199999809265,442.368949928317
164,1.94851867675781,2.58939514160156,1,19.8370242474893,11,8.26000022888184,0.535199999809265,426.962249200682
165,0.312848567962646,-0.597670555114746,1,19.7716233054089,11,8.26000022888184,0.535199999809265,426.027743659736
166,0.215895652770996,-0.678486328125,1,19.9715484470282,11,8.26000022888184,0.535199999809265,428.88400130967
167,1.89078430175781,0.0382332801818848,1,18.6865031170566,11,8.26000022888184,0.535199999809265,410.501869078617
168,-4.65281677246094,-0.901244201660156,1,20.8866944716807,11,8.26000022888184,0.535199999809265,441.94141202674
169,-1.69747406005859,4.20791717529297,1,20.3804463603297,11,8.26000022888184,0.535199999809265,434.721642447926
170,-0.93610954284668,4.69291320800781,1,20.7797715405485,11,8.26000022888184,0.535199999809265,440.417258288051
171,-2.81879669189453,2.79135589599609,1,20.5947680450605,11,8.26000022888184,0.535199999809265,437.779193020167
172,2.25581176757813,-4.30789184570313,1,20.7705853743673,11,8.26000022888184,0.535199999809265,440.286294580344
173,-1.01519866943359,1.57298187255859,1,19.1219570761556,11,8.26000022888184,0.535199999809265,416.737032494489
174,4.014384765625,-2.15965087890625,1,20.9480461123551,11,8.26000022888184,0.535199999809265,442.815789479744
175,-0.595972061157227,-1.05647514343262,1,19.4868860764437,11,8.26000022888184,0.535199999809265,421.957514775764
176,-2.47263626098633,-3.40244873046875,1,20.9136531678346,11,8.26000022888184,0.535199999809265,442.325640068979
177,2.03683853149414,-1.70721343994141,1,19.8601347908477,11,8.26000022888184,0.535199999809265,427.292438772628
178,-0.718388061523437,-1.33079956054688,1,20.8938739976287,11,8.26000022888184,0.535199999809265,442.043740372336
179,-4.86176116943359,3.75503173828125,1,19.7827888049998,11,8.26000022888184,0.535199999809265,426.187296085627
180,0.851750869750977,2.92751556396484,1,19.6475966180954,11,8.26000022888184,0.535199999809265,424.255152307142
181,2.91835540771484,0.880520782470703,1,20.7210931343972,11,8.26000022888184,0.535199999809265,439.580654145573
182,1.32054321289062,2.47535232543945,1,20.6484226759811,11,8.26000022888184,0.535199999809265,438.544400568172
183,2.98384765625,-2.47213790893555,1,20.9113426034939,11,8.26000022888184,0.535199999809265,442.292709762921
184,2.10669525146484,-0.571737747192383,1,20.2642217048019,11,8.26000022888184,0.535199999809265,433.062923203493
185,1.84644577026367,-0.355486373901367,1,20.4007287140851,11,8.26000022888184,0.535199999809265,435.01105940733
186,-4.35127746582031,0.19998025894165,1,20.4822957606146,11,8.26000022888184,0.535199999809265,436.174834015765
187,4.57573974609375,1.59882537841797,1,20.744185615959,11,8.26000022888184,0.535199999809265,439.909907576451
188,4.11901000976563,2.01909896850586,1,20.8660413905393,11,8.26000022888184,0.535199999809265,441.647038250706
189,-4.65788452148437,-0.445780258178711,1,20.7416888931284,11,8.26000022888184,0.535199999809265,439.874310066711
190,-3.23583831787109,2.58947143554688,1,18.8777800295586,11,8.26000022888184,0.535199999809265,413.241494117586
191,0.472569961547852,-1.40189605712891,1,20.4336210925226,11,8.26000022888184,0.535199999809265,435.480384769007
192,2.60331726074219,-4.62372863769531,1,20.7319346787121,11,8.26000022888184,0.535199999809265,439.735235479289
193,-2.97944061279297,-1.03644561767578,1,19.8637473993982,11,8.26000022888184,0.535199999809265,427.344051951931
194,-0.783737182617188,0.393590469360352,1,20.8888859523326,11,8.26000022888184,0.535199999809265,441.972646943155
195,-2.54858489990234,4.61685882568359,1,20.6083586999316,11,8.26000022888184,0.535199999809265,437.973028234237
196,-1.2345938873291,-4.05838500976563,1,19.1859736031421,11,8.26000022888184,0.535199999809265,417.653139163769
197,1.72003631591797,-4.92080871582031,1,20.7871786786506,11,8.26000022888184,0.535199999809265,440.522857021998
198,1.5133772277832,-3.68705261230469,1,20.7594861069478,11,8.26000022888184,0.535199999809265,440.12805277038
199,1.29473190307617,-1.45425369262695,1,20.8756576992775,11,8.26000022888184,0.535199999809265,441.784103780948
200,-4.82302856445313,2.21026901245117,1,19.9357544062549,11,8.26000022888184,0.535199999809265,428.372722458826
201,-3.625986328125,-1.84833236694336,1,20.779501672459,11,8.26000022888184,0.535199999809265,440.41341092041
202,0.760085144042969,3.88563507080078,1,20.8325608167007,11,8.26000022888184,0.535199999809265,441.169800761123
203,-4.53504180908203,-3.85513214111328,1,20.7316867061458,11,8.26000022888184,0.535199999809265,439.731699870714
204,4.47099792480469,3.75809539794922,1,20.9657613544546,11,8.26000022888184,0.535199999809265,443.068242078334
205,-4.41731536865234,-2.97590484619141,1,20.8973007210618,11,8.26000022888184,0.535199999809265,442.092580171617
206,1.24841735839844,0.189936637878418,1,20.0666496866415,11,8.26000022888184,0.535199999809265,430.242212106948
207,-3.47601989746094,3.34608642578125,1,20.8721213128944,11,8.26000022888184,0.535199999809265,441.73369844828
208,-2.76248443603516,-4.41736694335938,1,20.1815730988899,11,8.26000022888184,0.535199999809265,431.88311709188
209,0.302054405212402,-0.158869743347168,1,20.7973249445837,11,8.26000022888184,0.535199999809265,440.667502756044
210,1.71090835571289,2.87638916015625,1,20.1896047906486,11,8.26000022888184,0.535199999809265,431.997779178501
211,-1.67276092529297,-4.24656311035156,1,20.9198389274405,11,8.26000022888184,0.535199999809265,442.413799025095
212,2.52261260986328,-3.26306915283203,1,20.5336191804968,11,8.26000022888184,0.535199999809265,436.906988193169
213,-4.94876678466797,-2.90999877929687,1,20.9142082043547,11,8.26000022888184,0.535199999809265,442.333550457418
214,2.37558715820313,0.863569259643555,1,20.7815721750271,11,8.26000022888184,0.535199999809265,440.442928926356
215,-3.28040496826172,-3.99177062988281,1,20.8888337193513,11,8.26000022888184,0.535199999809265,441.97190247446
216,0.432310562133789,0.181451320648193,1,19.8214639156246,11,8.26000022888184,0.535199999809265,426.739922525519
217,3.23639495849609,-2.25828460693359,1,20.9273232241975,11,8.26000022888184,0.535199999809265,442.520462930753
218,0.336568832397461,3.43060485839844,1,20.8819519005259,11,8.26000022888184,0.535199999809265,441.873816170791
219,2.62995330810547,-2.33180709838867,1,20.8561610559251,11,8.26000022888184,0.535199999809265,441.506206242953
220,3.45300903320312,-0.916293182373047,1,19.9864284782835,11,8.26000022888184,0.535199999809265,429.09653381187
221,-0.431306838989258,-0.250372409820557,1,20.7059511113492,11,8.26000022888184,0.535199999809265,439.364749022698
222,1.80343612670898,2.66939514160156,1,19.0782715096356,11,8.26000022888184,0.535199999809265,416.111793312247
223,4.35048492431641,0.440364379882813,1,20.8564864530607,11,8.26000022888184,0.535199999809265,441.510844430208
224,-2.17298309326172,-4.98491851806641,1,20.7389563657452,11,8.26000022888184,0.535199999809265,439.83535029055
225,0.222389221191406,-2.94020660400391,1,20.8743340268992,11,8.26000022888184,0.535199999809265,441.765237071451
226,1.96973205566406,4.35661895751953,1,20.9068593476653,11,8.26000022888184,0.535199999809265,442.228813617403
227,-4.19694427490234,0.639848251342773,1,20.7710656672884,11,8.26000022888184,0.535199999809265,440.293142004873
228,-3.22556884765625,-2.99803833007813,1,20.8010524104998,11,8.26000022888184,0.535199999809265,440.720640859576
229,1.91101165771484,0.174927234649658,1,19.3625383414225,11,8.26000022888184,0.535199999809265,420.179158323323
230,3.75555999755859,2.50646835327148,1,20.731675870434,11,8.26000022888184,0.535199999809265,439.731545374402
231,4.92581939697266,-2.02783294677734,1,20.9361233160707,11,8.26000022888184,0.535199999809265,442.645876765597
232,-0.95467041015625,-4.40597442626953,1,20.9714391760391,11,8.26000022888184,0.535199999809265,443.149152162914
233,3.59137420654297,2.07180740356445,1,20.4318742649455,11,8.26000022888184,0.535199999809265,435.455461038839
234,0.482180595397949,1.94770690917969,1,20.8454741051182,11,8.26000022888184,0.535199999809265,441.353873263939
235,-3.08569427490234,4.59671203613281,1,20.7927932393224,11,8.26000022888184,0.535199999809265,440.60289893519
236,-0.876379470825195,1.16410064697266,1,19.1692836197938,11,8.26000022888184,0.535199999809265,417.414310754665
237,3.44090087890625,-3.47185028076172,1,20.9273972697382,11,8.26000022888184,0.535199999809265,442.521518195833
238,0.946011047363281,-2.68045806884766,1,20.7862937320823,11,8.26000022888184,0.535199999809265,440.510241012154
239,-1.8222541809082,-3.92522583007813,1,20.7167104312295,11,8.26000022888184,0.535199999809265,439.518163406726
240,-4.46931365966797,-2.49928665161133,1,20.6955489335821,11,8.26000022888184,0.535199999809265,439.216423380794
241,4.44322570800781,-4.09642700195313,1,20.0463036436909,11,8.26000022888184,0.535199999809265,429.951660552325
242,3.29852661132812,2.51880996704102,1,20.6630160353079,11,8.26000022888184,0.535199999809265,438.752510493541
243,-4.01967895507812,-4.70750427246094,1,20.8151822503554,11,8.26000022888184,0.535199999809265,440.922069200031
244,-3.57187255859375,0.663845977783203,1,20.7506303097175,11,8.26000022888184,0.535199999809265,440.001793090001
245,4.68979064941406,-1.41842315673828,1,20.7623142432983,11,8.26000022888184,0.535199999809265,440.168373785259
246,-3.46266662597656,-0.722911834716797,1,18.4399443067159,11,8.26000022888184,0.535199999809265,406.96865848801
247,-3.04763061523437,-0.925209045410156,1,20.9195316625331,11,8.26000022888184,0.535199999809265,442.40941993996
248,3.18206298828125,-0.347099761962891,1,20.7094733173669,11,8.26000022888184,0.535199999809265,439.414971678722
249,1.22831871032715,-2.62891296386719,1,20.9252246650655,11,8.26000022888184,0.535199999809265,442.490555096294
250,0.0829429626464844,3.3697509765625,1,20.265851560016,11,8.26000022888184,0.535199999809265,433.086187051464
251,-1.94018173217773,-3.04598907470703,1,20.4065715446543,11,8.26000022888184,0.535199999809265,435.094430541742
252,1.32449859619141,4.28027069091797,1,20.730951329645,11,8.26000022888184,0.535199999809265,439.721214813923
253,2.87823303222656,-3.63538513183594,1,19.8567790153288,11,8.26000022888184,0.535199999809265,427.244494567186
254,-2.22632598876953,-1.8505354309082,1,20.8372780224145,11,8.26000022888184,0.535199999809265,441.237042824136
255,-1.21656944274902,-4.00566192626953,1,20.8684009465208,11,8.26000022888184,0.535199999809265,441.6806703371
256,3.52561950683594,3.67643371582031,1,20.892134092062,11,8.26000022888184,0.535199999809265,442.0189420039
257,-2.62533752441406,-3.01343688964844,1,20.7016733791728,11,8.26000022888184,0.535199999809265,439.303752867926
258,2.7590966796875,1.53355102539063,1,20.5543863911269,11,8.26000022888184,0.535199999809265,437.203217945221
259,3.25314605712891,3.80429992675781,1,19.6864019454445,11,8.26000022888184,0.535199999809265,424.809813573228
260,-0.892242889404297,3.66387359619141,1,20.5693990618529,11,8.26000022888184,0.535199999809265,437.417354284859
261,0.498893737792969,0.301892280578613,1,20.9177416428165,11,8.26000022888184,0.535199999809265,442.3839088331
262,-2.40444854736328,0.526127319335937,1,20.7798521348195,11,8.26000022888184,0.535199999809265,440.418407277782
263,-1.59104293823242,3.41009490966797,1,18.8392258590153,11,8.26000022888184,0.535199999809265,412.689387408097
264,-4.09153564453125,-0.0276632308959961,1,20.596100628685,11,8.26000022888184,0.535199999809265,437.798199118213
265,0.0763516426086426,-0.694680709838867,1,20.7071471348401,11,8.26000022888184,0.535199999809265,439.38180300501
266,-2.62017150878906,-2.68716583251953,1,20.7462062192239,11,8.26000022888184,0.535199999809265,439.938716567601
267,-1.87513778686523,4.12518493652344,1,20.5807501349748,11,8.26000022888184,0.535199999809265,437.579257698482
268,-3.92063995361328,-2.9234228515625,1,20.7789297652952,11,8.26000022888184,0.535199999809265,440.405257532299
269,3.03636657714844,4.90203094482422,1,20.8599786717653,11,8.26000022888184,0.535199999809265,441.560622041851
270,3.44854461669922,-1.39276306152344,1,20.5073245488624,11,8.26000022888184,0.535199999809265,436.531893090614
271,-2.70071258544922,3.24806945800781,1,20.0218742917924,11,8.26000022888184,0.535199999809265,429.60277916095
272,1.59909713745117,-4.44358459472656,1,20.6818649640594,11,8.26000022888184,0.535199999809265,439.021296884483
273,1.83065979003906,0.127267360687256,1,20.8965699892343,11,8.26000022888184,0.535199999809265,442.082165358643
274,1.32758712768555,1.25511871337891,1,20.4817009658604,11,8.26000022888184,0.535199999809265,436.166348459149
275,-0.940052947998047,3.17506561279297,1,20.8967891832781,11,8.26000022888184,0.535199999809265,442.085289440893
276,-1.593544921875,2.96189666748047,1,19.9773439415947,11,8.26000022888184,0.535199999809265,428.966779628561
277,-1.4749284362793,3.40233795166016,1,19.8113877394019,11,8.26000022888184,0.535199999809265,426.595949406491
278,3.06643829345703,1.27735496520996,1,19.2193332814692,11,8.26000022888184,0.535199999809265,418.130477933395
279,-3.30331237792969,-0.232100963592529,1,20.8673687150409,11,8.26000022888184,0.535199999809265,441.665957380555
280,3.51012451171875,2.632685546875,1,20.7158190087836,11,8.26000022888184,0.535199999809265,439.505452988671
281,3.24607116699219,-1.32062957763672,1,20.8763304405825,11,8.26000022888184,0.535199999809265,441.793692547361
282,1.69298400878906,-2.41080474853516,1,20.9341255307948,11,8.26000022888184,0.535199999809265,442.617405707546
283,1.24699638366699,-1.05618286132813,1,20.7178857090954,11,8.26000022888184,0.535199999809265,439.534921159591
284,-4.89573303222656,-2.51899810791016,1,20.861791724477,11,8.26000022888184,0.535199999809265,441.586464889493
285,3.12800201416016,3.8481787109375,1,20.875155350973,11,8.26000022888184,0.535199999809265,441.776943662921
286,-3.90880187988281,-2.00391342163086,1,20.7971244276587,11,8.26000022888184,0.535199999809265,440.664644208678
287,-3.83899200439453,0.452421188354492,1,20.9257593128697,11,8.26000022888184,0.535199999809265,442.498174699154
288,4.29706329345703,4.62347900390625,1,20.494385542633,11,8.26000022888184,0.535199999809265,436.34730866224
289,-0.456974029541016,3.67382415771484,1,20.8080405591935,11,8.26000022888184,0.535199999809265,440.820261444086
290,0.867249450683594,-3.67086975097656,1,20.8221574500455,11,8.26000022888184,0.535199999809265,441.021501916009
291,3.36408508300781,-1.7286296081543,1,20.9651993040688,11,8.26000022888184,0.535199999809265,443.060232690529
292,0.401132583618164,-1.92195709228516,1,19.797427804163,11,8.26000022888184,0.535199999809265,426.396477749512
293,4.57041259765625,3.36302368164062,1,20.7194738133531,11,8.26000022888184,0.535199999809265,439.557565143442
294,4.26502624511719,1.32780639648437,1,20.908678560655,11,8.26000022888184,0.535199999809265,442.254741439326
295,-0.460907936096191,1.68082946777344,1,20.7610794534529,11,8.26000022888184,0.535199999809265,440.150769299071
296,2.6762841796875,-0.416979293823242,1,20.9505137630145,11,8.26000022888184,0.535199999809265,442.850955574992
297,4.31940063476562,-2.26959182739258,1,18.946339155384,11,8.26000022888184,0.535199999809265,414.223158379582
298,-3.52068054199219,-4.80467895507813,1,19.6061050303356,11,8.26000022888184,0.535199999809265,423.662039833412
299,-4.29523651123047,-1.14523460388184,1,20.89017310629,11,8.26000022888184,0.535199999809265,441.990992523015
300,-4.55505187988281,-0.153586387634277,1,20.9528015455262,11,8.26000022888184,0.535199999809265,442.88355821733
301,0.842630386352539,1.78245056152344,1,20.7266667786871,11,8.26000022888184,0.535199999809265,439.660124987501
302,-1.33538436889648,2.2539794921875,1,20.6495137751919,11,8.26000022888184,0.535199999809265,438.559960532177
303,-1.90655426025391,4.63366882324219,1,20.9704618604329,11,8.26000022888184,0.535199999809265,443.135225297829
304,-0.66719482421875,-2.61501068115234,1,20.9430071835799,11,8.26000022888184,0.535199999809265,442.743979882746
305,2.86213500976563,-3.50348266601562,1,20.9495134951891,11,8.26000022888184,0.535199999809265,442.836700942418
306,-0.372459411621094,2.04041000366211,1,20.7997912272072,11,8.26000022888184,0.535199999809265,440.702661702332
307,-2.03589248657227,0.836896438598633,1,20.8510840348125,11,8.26000022888184,0.535199999809265,441.43383829539
308,-2.66643035888672,0.654532470703125,1,20.6128271077567,11,8.26000022888184,0.535199999809265,438.036757067188
309,2.92670593261719,-1.63689559936523,1,19.402955470655,11,8.26000022888184,0.535199999809265,420.757239362179
310,4.84401794433594,2.42531539916992,1,20.7395989465324,11,8.26000022888184,0.535199999809265,439.844512088793
311,-4.77263824462891,-4.65390380859375,1,19.3657987157593,11,8.26000022888184,0.535199999809265,420.225793053074
312,-2.17786590576172,-2.52114776611328,1,20.7995263153592,11,8.26000022888184,0.535199999809265,440.698885169398
313,-3.97279266357422,1.99239135742188,1,20.9464172169693,11,8.26000022888184,0.535199999809265,442.792576241059
314,4.674111328125,-1.87491607666016,1,20.1597562771528,11,8.26000022888184,0.535199999809265,431.571644834276
315,2.43677856445313,1.53866271972656,1,20.7249172768906,11,8.26000022888184,0.535199999809265,439.635180130204
316,-1.12051681518555,-2.1379118347168,1,20.7692404033715,11,8.26000022888184,0.535199999809265,440.267119600734
317,-1.33161117553711,-3.35081665039062,1,20.7128658853099,11,8.26000022888184,0.535199999809265,439.463345453499
318,-1.75091217041016,0.543052673339844,1,20.5332361897803,11,8.26000022888184,0.535199999809265,436.901524963623
319,-3.31837554931641,-4.9072607421875,1,20.8364795032235,11,8.26000022888184,0.535199999809265,441.22566027356
320,1.74341079711914,2.669375,1,20.7908580779275,11,8.26000022888184,0.535199999809265,440.575311138828
321,3.65806365966797,4.97028839111328,1,20.7624489268105,11,8.26000022888184,0.535199999809265,440.170293974558
322,-1.14062591552734,2.45259170532227,1,19.2827517937808,11,8.26000022888184,0.535199999809265,419.037822244138
323,-0.257475852966309,0.916147689819336,1,20.7389562866645,11,8.26000022888184,0.535199999809265,439.835349163031
324,2.34252685546875,-3.14139953613281,1,20.9553297090755,11,8.26000022888184,0.535199999809265,442.919586270238
325,-0.0385956764221191,1.83104263305664,1,20.6986015502198,11,8.26000022888184,0.535199999809265,439.259951304292
326,-4.92678833007813,3.90232177734375,1,20.9046063930893,11,8.26000022888184,0.535199999809265,442.196703863042
327,-4.80809295654297,2.35294692993164,1,20.5175753812772,11,8.26000022888184,0.535199999809265,436.678124797059
328,-0.301104068756104,4.15722473144531,1,20.8543313692795,11,8.26000022888184,0.535199999809265,441.480125956243
329,-1.53727722167969,3.27178100585938,1,20.7583664578952,11,8.26000022888184,0.535199999809265,440.112089751588
330,-3.01604278564453,1.26695510864258,1,20.9217975543274,11,8.26000022888184,0.535199999809265,442.441712955485
331,1.28397933959961,0.0505666732788086,1,20.8416449064458,11,8.26000022888184,0.535199999809265,441.299290519342
332,3.52855773925781,1.88286285400391,1,20.7860149389773,11,8.26000022888184,0.535199999809265,440.506266465609
333,-3.71366607666016,3.10077423095703,1,20.7346621873918,11,8.26000022888184,0.535199999809265,439.774124336226
334,-0.959286193847656,-0.0590901374816895,1,20.0441929478392,11,8.26000022888184,0.535199999809265,429.921517984626
335,-1.55422256469727,1.3055143737793,1,20.6291480477998,11,8.26000022888184,0.535199999809265,438.269522142173
336,3.91018127441406,-3.43412292480469,1,20.8256291812134,11,8.26000022888184,0.535199999809265,441.070991460842
337,3.24889282226563,2.93697357177734,1,20.7388110458911,11,8.26000022888184,0.535199999809265,439.833278344994
338,0.278436660766602,-1.88970993041992,1,20.891331539954,11,8.26000022888184,0.535199999809265,442.007503428035
339,-1.50108047485352,-1.72321273803711,1,20.6947540358264,11,8.26000022888184,0.535199999809265,439.205088710294
340,-0.923219223022461,-0.403945922851563,1,20.1571894608185,11,8.26000022888184,0.535199999809265,431.534998123532
341,-2.58367309570313,-4.28708160400391,1,20.4350647936294,11,8.26000022888184,0.535199999809265,435.50098341519
342,1.0633235168457,4.02838714599609,1,20.762928276936,11,8.26000022888184,0.535199999809265,440.177128087421
343,0.474054336547852,-4.87649810791016,1,20.7460995796575,11,8.26000022888184,0.535199999809265,439.937196144702
344,0.257118225097656,-4.21855163574219,1,20.7395917150996,11,8.26000022888184,0.535199999809265,439.844408984434
345,-3.33876617431641,-3.60162719726562,1,20.7645059283695,11,8.26000022888184,0.535199999809265,440.199620669664
346,2.26649520874023,4.43333160400391,1,20.8474588732569,11,8.26000022888184,0.535199999809265,441.382164655387
347,3.99980651855469,1.6320036315918,1,20.7946544909442,11,8.26000022888184,0.535199999809265,440.629432951299
348,-2.15175445556641,-2.98728240966797,1,20.6810047295292,11,8.26000022888184,0.535199999809265,439.009030166635
349,-2.81219482421875,-3.87922302246094,1,20.4592655180784,11,8.26000022888184,0.535199999809265,435.846267683553
350,3.10319305419922,1.35403259277344,1,20.6260429229534,11,8.26000022888184,0.535199999809265,438.225238326851
351,-0.250386714935303,0.536060791015625,1,20.7474398682995,11,8.26000022888184,0.535199999809265,439.956305399213
352,4.85007995605469,-3.62609283447266,1,20.5561845229664,11,8.26000022888184,0.535199999809265,437.228866365917
353,4.84316345214844,-1.01491020202637,1,20.7177864517035,11,8.26000022888184,0.535199999809265,439.53350589533
354,1.97085372924805,-1.50495483398438,1,19.1455438527655,11,8.26000022888184,0.535199999809265,417.074586220109
355,-2.94789398193359,-2.82852416992188,1,20.8483181767244,11,8.26000022888184,0.535199999809265,441.394413345671
356,1.42585739135742,-2.33020965576172,1,20.7110020071947,11,8.26000022888184,0.535199999809265,439.436768930601
357,-1.33080673217773,4.22031585693359,1,20.7684737417731,11,8.26000022888184,0.535199999809265,440.256189434415
358,-1.10200927734375,2.37327194213867,1,20.710405775957,11,8.26000022888184,0.535199999809265,439.428267409811
359,-0.923479080200195,0.741382141113281,1,20.6942367587893,11,8.26000022888184,0.535199999809265,439.197712700373
360,1.7535041809082,1.81554885864258,1,20.9031888011627,11,8.26000022888184,0.535199999809265,442.176499850178
361,4.51653686523438,3.12103363037109,1,20.9220856558145,11,8.26000022888184,0.535199999809265,442.44581890535
362,3.92767425537109,1.27245887756348,1,20.7485539792741,11,8.26000022888184,0.535199999809265,439.972189865168
363,0.763669509887695,2.87320373535156,1,20.8462131660743,11,8.26000022888184,0.535199999809265,441.364408042663
364,-3.4090625,-0.688461761474609,1,20.275016341926,11,8.26000022888184,0.535199999809265,433.216999539204
365,-2.48680160522461,-2.11538833618164,1,19.3203689303124,11,8.26000022888184,0.535199999809265,419.575956783122
366,-0.53081226348877,0.810258865356445,1,20.8221169049063,11,8.26000022888184,0.535199999809265,441.020923942486
367,-2.30907867431641,-4.64687347412109,1,20.8608878462724,11,8.26000022888184,0.535199999809265,441.573581225475
368,4.27000244140625,4.19350830078125,1,20.1710819814852,11,8.26000022888184,0.535199999809265,431.733340510694
369,-0.423605918884277,-2.37097686767578,1,20.6165628486954,11,8.26000022888184,0.535199999809265,438.090036030335
370,-2.39402099609375,2.3936784362793,1,20.9366703640668,11,8.26000022888184,0.535199999809265,442.653672893265
371,-4.69118103027344,-4.72056304931641,1,20.1435020796268,11,8.26000022888184,0.535199999809265,431.339578226721
372,-2.38034194946289,-2.09434219360352,1,20.7420300135591,11,8.26000022888184,0.535199999809265,439.879173669589
373,3.54450592041016,-1.01036743164063,1,20.7371733395878,11,8.26000022888184,0.535199999809265,439.809928160918
374,2.16632369995117,-2.64430511474609,1,20.9298503129971,11,8.26000022888184,0.535199999809265,442.55647780636
375,4.68730529785156,-3.89965148925781,1,20.8404237447971,11,8.26000022888184,0.535199999809265,441.2818835493
376,-4.8142431640625,2.56109802246094,1,20.8305631202635,11,8.26000022888184,0.535199999809265,441.141324097448
377,4.36231231689453,-2.26201110839844,1,20.7753933316446,11,8.26000022888184,0.535199999809265,440.354840164052
378,-1.02034996032715,1.65742141723633,1,20.8100233562976,11,8.26000022888184,0.535199999809265,440.848527205276
379,4.47870147705078,-0.266510963439941,1,20.9630072934621,11,8.26000022888184,0.535199999809265,443.028995776875
380,-1.60248947143555,-2.54678482055664,1,20.5285500262126,11,8.26000022888184,0.535199999809265,436.834678073475
381,-1.70368713378906,3.058984375,1,20.6185577613842,11,8.26000022888184,0.535199999809265,438.118487192261
382,3.88377746582031,4.40445129394531,1,20.5484361079736,11,8.26000022888184,0.535199999809265,437.118342776986
383,-4.7485791015625,-1.38925750732422,1,20.5302897895551,11,8.26000022888184,0.535199999809265,436.859495424875
384,4.08015167236328,4.70379730224609,1,20.1462324619278,11,8.26000022888184,0.535199999809265,431.378561420108
385,-0.868651428222656,1.0733251953125,1,20.7324069807175,11,8.26000022888184,0.535199999809265,439.741969585584
386,1.56597595214844,-3.37635437011719,1,20.7186284188704,11,8.26000022888184,0.535199999809265,439.545511097014
387,-4.31081390380859,-1.7732878112793,1,20.70551543222,11,8.26000022888184,0.535199999809265,439.358536704679
388,1.00298927307129,2.63490203857422,1,20.7665783610198,11,8.26000022888184,0.535199999809265,440.229167223893
389,0.346538543701172,-1.23422431945801,1,20.7200506480801,11,8.26000022888184,0.535199999809265,439.565789920402
390,-0.485326766967773,3.20340148925781,1,20.9381519454808,11,8.26000022888184,0.535199999809265,442.674787257328
391,-2.41399337768555,3.24931488037109,1,20.3762933937372,11,8.26000022888184,0.535199999809265,434.662380433262
392,0.497579116821289,-3.39114288330078,1,20.8826978436603,11,8.26000022888184,0.535199999809265,441.88444814611
393,4.37055694580078,-4.22479156494141,1,20.7689040654714,11,8.26000022888184,0.535199999809265,440.26232448989
394,-0.88767578125,-0.177313804626465,1,20.5163319361161,11,8.26000022888184,0.535199999809265,436.660386803333
395,4.11571014404297,4.10802276611328,1,20.4834423173067,11,8.26000022888184,0.535199999809265,436.19119117415
396,1.29481781005859,2.03644638061523,1,20.6100229147361,11,8.26000022888184,0.535199999809265,437.996763492462
397,0.116700649261475,3.15749176025391,1,20.736804561509,11,8.26000022888184,0.535199999809265,439.804670163113
398,3.82464965820312,0.634177207946777,1,20.1381880275503,11,8.26000022888184,0.535199999809265,431.26370582669
399,1.75258392333984,4.77234588623047,1,20.8431294773694,11,8.26000022888184,0.535199999809265,441.320452173215
400,-2.20523162841797,-0.238844871520996,1,20.8072901291916,11,8.26000022888184,0.535199999809265,440.809563656239
401,2.87163024902344,-2.95068634033203,1,20.7548025688812,11,8.26000022888184,0.535199999809265,440.061278528601
402,2.01343292236328,4.86960784912109,1,20.8825905076141,11,8.26000022888184,0.535199999809265,441.882918279701
403,-0.242983818054199,-3.47102172851563,1,20.9645792400984,11,8.26000022888184,0.535199999809265,443.051396579444
404,2.05764526367187,-3.70536895751953,1,20.8814857502532,11,8.26000022888184,0.535199999809265,441.867172091685
405,-2.65319458007813,-1.92680648803711,1,20.6164052768966,11,8.26000022888184,0.535199999809265,438.087788758047
406,-4.40601745605469,-4.33971496582031,1,20.741533667455,11,8.26000022888184,0.535199999809265,439.872096899747
407,-3.73633392333984,-2.41766174316406,1,20.7831982806523,11,8.26000022888184,0.535199999809265,440.466111311907
408,-2.80042419433594,-3.65939880371094,1,20.4826900099219,11,8.26000022888184,0.535199999809265,436.180458512185
409,3.29620849609375,-4.49177551269531,1,20.7354474056955,11,8.26000022888184,0.535199999809265,439.785319943985
410,-4.68720428466797,-4.88862426757813,1,20.8177194456936,11,8.26000022888184,0.535199999809265,440.958237559221
411,2.94415557861328,-1.72543472290039,1,20.879995343104,11,8.26000022888184,0.535199999809265,441.845929144602
412,2.24405639648438,-0.891762237548828,1,20.9181586982535,11,8.26000022888184,0.535199999809265,442.389852657486
413,-4.61085235595703,3.84360900878906,1,20.7048914334565,11,8.26000022888184,0.535199999809265,439.349639139277
414,-0.696107864379883,-1.0594206237793,1,20.9603767464304,11,8.26000022888184,0.535199999809265,442.991509355937
415,2.27421646118164,-1.74352127075195,1,20.7037296962901,11,8.26000022888184,0.535199999809265,439.333073955944
416,1.90378067016602,-1.52371459960938,1,20.9300657374143,11,8.26000022888184,0.535199999809265,442.559547923561
417,-2.77858825683594,4.55055419921875,1,20.9568866015517,11,8.26000022888184,0.535199999809265,442.941772943045
418,-3.18434631347656,2.50979995727539,1,20.1569185414894,11,8.26000022888184,0.535199999809265,431.531130166589
419,-1.57905624389648,-3.79850952148437,1,20.7779466409702,11,8.26000022888184,0.535199999809265,440.391241605917
420,4.99653045654297,-3.80422027587891,1,20.5803507985528,11,8.26000022888184,0.535199999809265,437.573561928155
421,-4.29626831054687,3.72433868408203,1,20.743387817466,11,8.26000022888184,0.535199999809265,439.898532832296
421,-2.77728796005249,3.12939524650574,1,16.0280979190697,9,8.26000022888184,0.535199999809265,372.300195214442
422,-4.6258716583252,4.31534385681152,1,15.9741809209794,9,8.26000022888184,0.535199999809265,371.522971346552
423,0.261070251464844,2.95531988143921,1,16.0515243575779,9,8.26000022888184,0.535199999809265,372.637861727704
424,-1.70265626907349,-0.524415493011475,1,16.0701790728796,9,8.26000022888184,0.535199999809265,372.906736027944
425,-2.26841163635254,3.33489203453064,1,16.0708394781354,9,8.26000022888184,0.535199999809265,372.916254374717
426,2.62840032577515,-1.11725044250488,1,15.2552987733362,9,8.26000022888184,0.535199999809265,361.150921047924
427,2.80851602554321,1.12870645523071,1,16.0458737715576,9,8.26000022888184,0.535199999809265,372.556416372674
428,-4.03320503234863,2.7958345413208,1,15.9866801511502,9,8.26000022888184,0.535199999809265,371.703158744109
429,-3.5813045501709,-4.69675540924072,1,15.8208248633056,9,8.26000022888184,0.535199999809265,369.311786471283
430,-2.44111013412476,-4.03257942199707,1,15.9420216565579,9,8.26000022888184,0.535199999809265,371.059343410502
431,0.704066276550293,2.08752155303955,1,15.8950871682797,9,8.26000022888184,0.535199999809265,370.382645017239
432,4.34170818328857,0.813846111297607,1,15.409473592523,9,8.26000022888184,0.535199999809265,363.376805245238
433,-2.93379211425781,-3.530517578125,1,15.8642451953674,9,8.26000022888184,0.535199999809265,369.93792762426
434,1.9454562664032,-0.511239051818848,1,16.0480124473529,9,8.26000022888184,0.535199999809265,372.587242540729
435,4.6208438873291,-2.00293970108032,1,15.8830519327699,9,8.26000022888184,0.535199999809265,370.20910998948
436,-0.287992477416992,4.84523773193359,1,15.8429040561809,9,8.26000022888184,0.535199999809265,369.630186409876
437,-0.594157695770264,-3.67368912696838,1,16.0748975433408,9,8.26000022888184,0.535199999809265,372.974742494714
438,4.8076057434082,2.96242117881775,1,13.6500461129013,8,8.26000022888184,0.535199999809265,337.928334660694
439,0.625763416290283,3.466721534729,1,13.8188376667726,8,8.26000022888184,0.535199999809265,340.37420524943
440,-2.88588619232178,-1.34292411804199,1,13.6089933265596,8,8.26000022888184,0.535199999809265,337.3333170249
441,0.488176822662354,1.05183553695679,1,13.765617441945,8,8.26000022888184,0.535199999809265,339.603120808442
442,0.974354267120361,0.873921394348145,1,13.6765779964403,8,8.26000022888184,0.535199999809265,338.312857064401
443,2.04036474227905,3.63256812095642,1,13.690303853087,8,8.26000022888184,0.535199999809265,338.511774563248
444,-3.35725998878479,4.00745868682861,1,13.6890916380248,8,8.26000022888184,0.535199999809265,338.494207183914
445,-4.85834980010986,-1.83247756958008,1,13.6638434415145,8,8.26000022888184,0.535199999809265,338.128300086235
446,-4.10413265228271,-0.439391613006592,1,13.6879204390137,8,8.26000022888184,0.535199999809265,338.477234161435
447,-2.47949314117432,4.1170539855957,1,13.6877914922419,8,8.26000022888184,0.535199999809265,338.475365461327
448,-3.27593421936035,2.53238677978516,1,13.6245828965353,8,8.26000022888184,0.535199999809265,337.559278294196
449,-2.41081428527832,0.0349230766296387,1,13.6008498921619,8,8.26000022888184,0.535199999809265,337.215279720897
450,-1.84711170196533,3.91427397727966,1,13.7403874574727,8,8.26000022888184,0.535199999809265,339.237541783963
451,-0.2749342918396,2.80184030532837,1,13.5593014995115,8,8.26000022888184,0.535199999809265,336.613010550915
452,3.84242415428162,0.581226825714111,1,13.7740439981722,8,8.26000022888184,0.535199999809265,339.725215745729
453,1.04015779495239,-4.00801563262939,1,13.7301328739162,8,8.26000022888184,0.535199999809265,339.08894822758
454,3.32417011260986,1.25538229942322,1,13.7784308086492,8,8.26000022888184,0.535199999809265,339.78877664409
455,-0.478400707244873,4.64327812194824,1,13.8000736518104,8,8.26000022888184,0.535199999809265,340.102352422932
456,4.25244426727295,2.63054132461548,1,11.5239512916461,7,8.26000022888184,0.535199999809265,307.039170798689
457,-0.930769920349121,-0.37287425994873,1,11.4842993775101,7,8.26000022888184,0.535199999809265,306.461658144925
458,4.07541751861572,-1.57734680175781,1,11.4959833438708,7,8.26000022888184,0.535199999809265,306.631835392452
459,4.23478317260742,0.791418075561523,1,11.6282297367068,7,8.26000022888184,0.535199999809265,308.557691134961
460,-3.57334876060486,-0.592867851257324,1,11.4788081377076,7,8.26000022888184,0.535199999809265,306.381676540492
461,-1.06339645385742,1.24751996994019,1,11.6559530788214,7,8.26000022888184,0.535199999809265,308.961342351762
462,-4.96067047119141,3.55154395103455,1,11.3034426963625,7,8.26000022888184,0.535199999809265,303.826897981312
463,-0.55953311920166,-4.61949729919434,1,11.57957915819,7,8.26000022888184,0.535199999809265,307.849278135496
464,-0.0363774299621582,0.974168300628662,1,11.5913580668868,7,8.26000022888184,0.535199999809265,308.020800925115
465,2.65413379669189,-1.17921876907349,1,11.491220695322,7,8.26000022888184,0.535199999809265,306.562467850674
466,-0.310121059417725,-2.16310214996338,1,11.6471584332971,7,8.26000022888184,0.535199999809265,308.833295282002
467,-0.0970454216003418,2.34793281555176,1,11.5472792675334,7,8.26000022888184,0.535199999809265,307.37890808675
468,1.71618556976318,2.19042778015137,1,11.4809499328403,7,8.26000022888184,0.535199999809265,306.41287256752
469,-4.91356658935547,-3.60503935813904,1,11.5226380038068,7,8.26000022888184,0.535199999809265,307.020044176287
470,3.11299324035645,-4.74058532714844,1,11.4747826992013,7,8.26000022888184,0.535199999809265,306.323044148637
471,-2.62473201751709,-4.31861400604248,1,11.4622975347988,7,8.26000022888184,0.535199999809265,306.14118847473
472,4.15868949890137,-4.0351676940918,1,11.5416161041502,7,8.26000022888184,0.535199999809265,307.296434192649
473,4.16157913208008,4.82529067993164,1,11.2540725539988,7,8.26000022888184,0.535199999809265,303.107474053978
474,-2.86069631576538,2.82476902008057,1,9.48196650556177,6,8.26000022888184,0.535199999809265,277.230659085961
475,-2.54725217819214,-0.343038558959961,1,9.57501171145593,6,8.26000022888184,0.535199999809265,278.591927165202
476,-2.28426170349121,-3.21628355979919,1,9.61711006761875,6,8.26000022888184,0.535199999809265,279.2077391946
477,3.84748935699463,-0.454952239990234,1,9.64828212307038,6,8.26000022888184,0.535199999809265,279.663684073189
478,4.38015174865723,-3.45941925048828,1,9.59575820463462,6,8.26000022888184,0.535199999809265,278.895412881421
479,-1.02114868164063,2.93132662773132,1,9.46848244067517,6,8.26000022888184,0.535199999809265,277.033360938379
480,-1.55487108230591,2.23591685295105,1,9.51353776703633,6,8.26000022888184,0.535199999809265,277.692584545421
481,4.62477588653564,-4.7515287399292,1,9.5296765977263,6,8.26000022888184,0.535199999809265,277.92870222705
482,-4.21187782287598,0.156144618988037,1,9.48249938138266,6,8.26000022888184,0.535199999809265,277.238455973665
483,2.62493491172791,1.37518286705017,1,9.56488873946767,6,8.26000022888184,0.535199999809265,278.443840206846
484,-1.87108945846558,1.33830296993256,1,9.50774949986166,6,8.26000022888184,0.535199999809265,277.6078977258
485,1.58180117607117,3.27434539794922,1,9.47620496278029,6,8.26000022888184,0.535199999809265,277.146357225664
486,3.78384947776794,-2.69502401351929,1,9.60070981952489,6,8.26000022888184,0.535199999809265,278.967844426167
487,-3.39634037017822,-0.652925491333008,1,9.6155837399677,6,8.26000022888184,0.535199999809265,279.185413200936
488,1.29160022735596,1.03961515426636,1,9.51774468239496,6,8.26000022888184,0.535199999809265,277.754134268214
489,4.05601596832275,4.29622840881348,1,9.60267929874392,6,8.26000022888184,0.535199999809265,278.996653472189
490,-0.511637210845947,-1.86359691619873,1,9.47172882351679,6,8.26000022888184,0.535199999809265,277.080862397988
491,-1.80699777603149,0.756733894348145,1,9.54991783495971,6,8.26000022888184,0.535199999809265,278.224827561884
492,2.45538806915283,0.141227722167969,1,9.54439754621385,6,8.26000022888184,0.535199999809265,278.144068168712
493,0.0702862739562988,1.84605002403259,1,7.82093385278655,5,8.26000022888184,0.535199999809265,252.881065925641
494,-4.83620166778564,3.52502608299255,1,7.80721533138156,5,8.26000022888184,0.535199999809265,252.679580305798
495,0.772015571594238,1.00392293930054,1,7.7136798649639,5,8.26000022888184,0.535199999809265,251.305646740723
496,-2.90783023834229,3.36257934570313,1,7.80258175956183,5,8.26000022888184,0.535199999809265,252.611525051428
497,-4.76980781555176,-1.21914339065552,1,7.71672306208741,5,8.26000022888184,0.535199999809265,251.350352547114
498,4.93065452575684,1.2252779006958,1,7.69745803219144,5,8.26000022888184,0.535199999809265,251.067336213949
499,4.5447359085083,-2.73204803466797,1,7.81253807485253,5,8.26000022888184,0.535199999809265,252.757756839348
500,0.86170482635498,-1.04095411300659,1,7.82295845166521,5,8.26000022888184,0.535199999809265,252.910800930329
501,3.25842952728271,3.61752510070801,1,7.72122384405895,5,8.26000022888184,0.535199999809265,251.416470305265
502,1.35848033428192,1.8557642698288,1,7.79390800973095,5,8.26000022888184,0.535199999809265,252.484128054869
503,-1.78870010375977,-2.61389827728271,1,7.77668451498632,5,8.26000022888184,0.535199999809265,252.231147994912
504,-4.62278270721436,4.87775564193726,1,7.73365497548539,5,8.26000022888184,0.535199999809265,251.599083640807
505,3.74606347084045,-2.96800851821899,1,7.80522307258543,5,8.26000022888184,0.535199999809265,252.650319234754
506,1.28781306743622,1.33793926239014,1,7.68426374735421,5,8.26000022888184,0.535199999809265,250.873496123507
507,4.9509334564209,-4.01411628723145,1,7.75679842907224,5,8.26000022888184,0.535199999809265,251.939047328527
508,-2.54248380661011,0.900876998901367,1,7.46453662160459,5,8.26000022888184,0.535199999809265,247.644587472853
509,-4.36844444274902,-2.69513702392578,1,7.64532513961804,5,8.26000022888184,0.535199999809265,250.301406908071
510,-3.18026161193848,4.07942867279053,1,7.71114328012455,5,8.26000022888184,0.535199999809265,251.268383040266
511,-3.08468818664551,-0.323498725891113,1,7.34974936301469,5,8.26000022888184,0.535199999809265,245.957141332545
512,-0.0554423332214355,3.41018676757813,1,7.75194614850655,5,8.26000022888184,0.535199999809265,251.867771661913
513,1.43476474285126,-4.49733352661133,1,6.05470680220646,4,8.26000022888184,0.535199999809265,226.888865509269
514,-0.182532787322998,-0.611445426940918,1,6.07796396685933,4,8.26000022888184,0.535199999809265,227.231796459527
515,1.77979934215546,0.549716472625732,1,6.14741003855204,4,8.26000022888184,0.535199999809265,228.255683985793
516,1.31167507171631,2.52609133720398,1,6.16311715232805,4,8.26000022888184,0.535199999809265,228.487241724051
517,4.1816987991333,4.69466924667358,1,6.07057635815154,4,8.26000022888184,0.535199999809265,227.122866827307
518,1.13933277130127,-0.275989055633545,1,6.05760846261864,4,8.26000022888184,0.535199999809265,226.931651979184
519,1.58358931541443,-1.38363885879517,1,6.03893925504742,4,8.26000022888184,0.535199999809265,226.656360056663
520,-0.504520416259766,-3.24897027015686,1,6.04836419576412,4,8.26000022888184,0.535199999809265,226.795339552874
521,-3.31930255889893,-2.33320045471191,1,6.17107662083597,4,8.26000022888184,0.535199999809265,228.604578837264
522,-2.4502272605896,-2.04580354690552,1,6.04001907769546,4,8.26000022888184,0.535199999809265,226.672283193222
523,-1.62443351745605,3.24061393737793,1,6.17969785134429,4,8.26000022888184,0.535199999809265,228.731669157893
524,0.29006290435791,4.72633266448975,1,6.0493870957903,4,8.26000022888184,0.535199999809265,226.810422985418
525,-2.51287221908569,0.804646492004395,1,6.05135707875389,4,8.26000022888184,0.535199999809265,226.83947177242
526,-4.48414993286133,3.93690943717957,1,6.07340470028878,4,8.26000022888184,0.535199999809265,227.164570694293
527,3.19760894775391,-2.6855731010437,1,6.04279606335457,4,8.26000022888184,0.535199999809265,226.713232630508
528,-1.97723579406738,0.442023754119873,1,6.04048288156139,4,8.26000022888184,0.535199999809265,226.679122463975
529,3.74203562736511,-1.51832294464111,1,6.11489177428064,4,8.26000022888184,0.535199999809265,227.776266512442
530,-0.828046321868896,3.63120436668396,1,6.08854004717918,4,8.26000022888184,0.535199999809265,227.387736666435
531,-3.02875137329102,-0.382030487060547,1,6.07084546252401,4,8.26000022888184,0.535199999809265,227.126834779117
532,1.57483458518982,-3.61075496673584,1,6.14526765154416,4,8.26000022888184,0.535199999809265,228.224099808566
533,2.08141207695007,-1.89073514938354,1,6.18283594858867,4,8.26000022888184,0.535199999809265,228.777928969771
534,4.26575422286987,-2.3277587890625,1,4.67807191108779,3,8.26000022888184,0.535199999809265,206.558139068411
535,-0.705863952636719,4.37412357330322,1,4.7006266052762,3,8.26000022888184,0.535199999809265,206.89174353826
536,-4.92164039611816,-4.00167083740234,1,4.64556056183836,3,8.26000022888184,0.535199999809265,206.077236869926
537,1.07501220703125,3.77976775169373,1,4.75569924611679,3,8.26000022888184,0.535199999809265,207.706247057393
538,-3.5683536529541,-4.79829978942871,1,4.63704943171053,3,8.26000022888184,0.535199999809265,205.951335921501
539,-1.66708278656006,1.38399696350098,1,4.72289129012865,3,8.26000022888184,0.535199999809265,207.221041933536
540,-0.164781093597412,4.98425483703613,1,4.70084301954737,3,8.26000022888184,0.535199999809265,206.8949444206
541,0.618035316467285,-0.44173526763916,1,4.64965457698894,3,8.26000022888184,0.535199999809265,206.137796758947
542,1.68195343017578,-2.1463041305542,1,4.64581129719214,3,8.26000022888184,0.535199999809265,206.080945837812
543,2.74406909942627,-3.74936676025391,1,4.6625098828489,3,8.26000022888184,0.535199999809265,206.327952645796
544,4.32305097579956,-3.72721672058105,1,4.73269591436822,3,8.26000022888184,0.535199999809265,207.366048736347
545,-2.8790340423584,-3.31555461883545,1,4.73965491914079,3,8.26000022888184,0.535199999809265,207.468967931697
546,3.28174805641174,-1.14839839935303,1,4.69417027508407,3,8.26000022888184,0.535199999809265,206.79625026041
547,-1.70082378387451,4.94608879089355,1,4.64142980357084,3,8.26000022888184,0.535199999809265,206.01613290157
548,-4.05871963500977,-0.614649772644043,1,4.66917830908979,3,8.26000022888184,0.535199999809265,206.426589949669
549,-2.54300355911255,1.80203187465668,1,4.73911552113587,3,8.26000022888184,0.535199999809265,207.460990640365
550,-1.17780494689941,0.681464195251465,1,4.668270158138,3,8.26000022888184,0.535199999809265,206.413156947814
551,4.91621112823486,3.10556173324585,1,4.62270561251838,3,8.26000022888184,0.535199999809265,205.739149437348
552,2.44897723197937,-3.50198841094971,1,4.64438828727198,3,8.26000022888184,0.535199999809265,206.059896133565
553,-0.271746635437012,4.7403678894043,1,4.66567883791828,3,8.26000022888184,0.535199999809265,206.374827035791
554,-3.90420436859131,3.77515578269959,1,4.73292105838795,3,8.26000022888184,0.535199999809265,207.369378496467
555,-1.6024751663208,-1.49259281158447,1,3.51913195442257,2,8.26000022888184,0.535199999809265,189.39362133406
556,-4.49488830566406,4.28186321258545,1,3.54377944521855,2,8.26000022888184,0.535199999809265,189.759128095128
557,1.69620394706726,-2.08730411529541,1,3.50330947056045,2,8.26000022888184,0.535199999809265,189.158973231927
558,-2.62055969238281,-1.88674974441528,1,3.52753809257935,2,8.26000022888184,0.535199999809265,189.518281334583
559,3.09295177459717,-2.86615467071533,1,3.52034570609542,2,8.26000022888184,0.535199999809265,189.411620979089
560,-0.967689037322998,-4.91410350799561,1,3.47639756088743,2,8.26000022888184,0.535199999809265,188.759849378338
561,-2.92530059814453,0.91938304901123,1,3.52555117603553,2,8.26000022888184,0.535199999809265,189.488816289851
562,-1.87009763717651,4.01916122436523,1,3.5565941714947,2,8.26000022888184,0.535199999809265,189.94915444009
563,4.37906455993652,2.51845598220825,1,3.48738536862411,2,8.26000022888184,0.535199999809265,188.922809733833
564,-0.393008708953857,2.92807197570801,1,3.50648166762966,2,8.26000022888184,0.535199999809265,189.206017714522
565,-2.14457559585571,2.69939041137695,1,3.52495287053055,2,8.26000022888184,0.535199999809265,189.479943672849
566,0.132892608642578,3.89024138450623,1,3.52884523286132,2,8.26000022888184,0.535199999809265,189.537665543205
567,2.33054041862488,-2.10832643508911,1,3.44984661205392,2,8.26000022888184,0.535199999809265,188.366055271337
568,-0.51384162902832,-2.89492130279541,1,3.52372274326999,2,8.26000022888184,0.535199999809265,189.461701369705
569,-0.209729194641113,3.01563358306885,1,3.46946498262171,2,8.26000022888184,0.535199999809265,188.657030133959
570,-1.74681949615479,1.74454438686371,1,3.49380236101555,2,8.26000022888184,0.535199999809265,189.017978397678
571,-4.89218235015869,2.3432195186615,1,3.53413464774266,2,8.26000022888184,0.535199999809265,189.616104227652
572,3.30969429016113,4.87009525299072,1,3.50348422144732,2,8.26000022888184,0.535199999809265,189.161564840352
573,-2.95915603637695,-4.80875396728516,1,3.55829504662336,2,8.26000022888184,0.535199999809265,189.974375878506
574,-0.581140995025635,1.36387920379639,1,3.53950709894205,2,8.26000022888184,0.535199999809265,189.695773337011
575,0.840616703033447,-1.8621940612793,1,3.46472778781266,2,8.26000022888184,0.535199999809265,188.586770392662
576,0.1553053855896,0.517867088317871,1,3.48838103973561,2,8.26000022888184,0.535199999809265,188.937576350151
577,4.38412284851074,-3.598557472229,1,2.55086040496826,1,8.26000022888184,0.535199999809265,175.018797632909
578,-1.58566522598267,0.276828289031982,1,2.58760499954224,1,8.26000022888184,0.535199999809265,175.564871181464
579,1.80432546138763,3.68093490600586,1,2.5309624671936,1,8.26000022888184,0.535199999809265,174.72306909406
580,-3.46623516082764,3.27672481536865,1,2.58571910858154,1,8.26000022888184,0.535199999809265,175.536845425172
581,2.75841951370239,-4.58851337432861,1,2.58336400985718,1,8.26000022888184,0.535199999809265,175.501846723185
582,-4.19095230102539,-0.638046741485596,1,2.52398586273193,1,8.26000022888184,0.535199999809265,174.619377795765
583,-1.81289386749268,-4.3782844543457,1,2.58111786842346,1,8.26000022888184,0.535199999809265,175.468467044418
584,2.24039554595947,-3.43686318397522,1,2.5227165222168,1,8.26000022888184,0.535199999809265,174.600511772981
585,3.20265173912048,4.64176082611084,1,2.50151252746582,1,8.26000022888184,0.535199999809265,174.285351980434
586,0.141044139862061,2.90336608886719,1,2.52517795562744,1,8.26000022888184,0.535199999809265,174.637095649723
587,-4.01973342895508,2.97024726867676,1,2.55066132545471,1,8.26000022888184,0.535199999809265,175.015838924403
588,-4.69891452789307,4.38594055175781,1,2.50870251655579,1,8.26000022888184,0.535199999809265,174.392220095559
589,-2.44934606552124,-1.33775281906128,1,2.52345633506775,1,8.26000022888184,0.535199999809265,174.611507509896
590,2.1203351020813,-3.64739990234375,1,2.56255197525024,1,8.26000022888184,0.535199999809265,175.192554782465
591,4.30114507675171,-2.44643402099609,1,2.55808711051941,1,8.26000022888184,0.535199999809265,175.126199632127
592,4.11360645294189,4.67650413513184,1,2.53794956207275,1,8.26000022888184,0.535199999809265,174.826914688149
593,4.6060619354248,2.20088720321655,1,2.52116942405701,1,8.26000022888184,0.535199999809265,174.577517406508
594,-1.44369077682495,2.27383136749268,1,2.58852767944336,1,8.26000022888184,0.535199999809265,175.578582854844
595,-3.21492195129395,4.35771083831787,1,2.52515554428101,1,8.26000022888184,0.535199999809265,174.636762554504
596,2.65993118286133,-1.69659900665283,1,2.54244875907898,1,8.26000022888184,0.535199999809265,174.893783078718
597,-0.0366358757019043,2.7689847946167,1,2.52079033851624,1,8.26000022888184,0.535199999809265,174.571883083595
598,1.93307018280029,2.78872585296631,1,2.50414252281189,1,8.26000022888184,0.535199999809265,174.324443010187
599,-3.50723481178284,-2.354567527771,1,2.50667858123779,1,8.26000022888184,0.535199999809265,174.362137587593
