x,y,species,dbh,age,a,b,H
12.76425152,12.91724576,3,4.038787092,1,8.209,0.5352,244.7657979
12.77274175,16.14173234,3,4.020956011,1,8.209,0.5352,244.2938736
12.98610185,19.0715556,3,4.016186563,1,8.209,0.5352,244.1676378
12.68152537,22.29163882,3,4.023351737,1,8.209,0.5352,244.3572818
12.62039201,25.77223737,3,3.996167769,1,8.209,0.5352,243.6377616
12.61410173,28.7104991,3,4.071452254,1,8.209,0.5352,245.6302379
12.80124294,32.144272,3,3.990209124,1,8.209,0.5352,243.4800343
12.68748667,35.30898441,3,4.027944761,1,8.209,0.5352,244.4788446
12.93563323,38.40031742,3,4.014629286,1,8.209,0.5352,244.1264198
12.62028905,41.72423694,3,4.081229512,1,8.209,0.5352,245.8889577
13.03128003,44.60706599,3,4.077348898,1,8.209,0.5352,245.7862725
12.62992753,47.87821943,3,3.968718927,1,8.209,0.5352,242.9111499
12.72178547,51.35980503,3,3.972724701,1,8.209,0.5352,243.0171937
13.00367554,54.51458039,3,4.07658132,1,8.209,0.5352,245.7659614
12.59842383,57.5370555,3,4.074902048,1,8.209,0.5352,245.7215254
12.89040925,60.57341002,3,4.01122607,1,8.209,0.5352,244.0363428
12.5829442,63.9321638,3,3.970168681,1,8.209,0.5352,242.949529
12.98493381,67.38826163,3,3.970637322,1,8.209,0.5352,242.9619353
12.70076393,70.18372172,3,4.041452201,1,8.209,0.5352,244.8363307
12.90176262,73.81481377,3,4.044296629,1,8.209,0.5352,244.9116085
12.73892753,76.5516894,3,3.984568232,1,8.209,0.5352,243.3307145
12.66022475,80.02554798,3,4.04348276,1,8.209,0.5352,244.8900695
12.89820634,83.21109663,3,3.97058056,1,8.209,0.5352,242.9604326
12.8277755,86.32981714,3,3.977996778,1,8.209,0.5352,243.1567575
12.67371373,89.36019701,3,3.960794745,1,8.209,0.5352,242.7013699
12.99338503,93.00367944,3,3.992347736,1,8.209,0.5352,243.5366445
12.82341098,96.0649505,3,4.030505882,1,8.209,0.5352,244.5466284
12.86788024,99.23887302,3,4.073639449,1,8.209,0.5352,245.688115
12.90887873,102.3867088,3,4.067076477,1,8.209,0.5352,245.5144455
12.93311461,105.4453062,3,4.010367812,1,8.209,0.5352,244.0136261
13.01772915,108.9649794,3,4.03740548,1,8.209,0.5352,244.7292328
16.01319343,12.88010021,3,4.063978437,1,8.209,0.5352,245.4324634
15.80017492,16.13556808,3,4.06148729,1,8.209,0.5352,245.3665406
16.13855815,19.04603485,3,3.987833681,1,8.209,0.5352,243.4171544
15.81260529,22.47599914,3,4.043713345,1,8.209,0.5352,244.8961719
16.0139367,25.48390067,3,4.076045338,1,8.209,0.5352,245.7517786
16.16792402,28.69450341,3,4.064576709,1,8.209,0.5352,245.4482953
16.11326325,31.76798889,3,4.006725615,1,8.209,0.5352,243.9172219
15.96443966,35.10162396,3,4.058245567,1,8.209,0.5352,245.2807543
16.12986284,38.47066813,3,3.999278057,1,8.209,0.5352,243.7200904
16.09565732,41.40356425,3,3.950394745,1,8.209,0.5352,242.4260364
15.88050413,44.70022621,3,4.053616212,1,8.209,0.5352,245.158245
16.09085479,47.93045962,3,4.075285505,1,8.209,0.5352,245.7316723
15.85984272,51.18754004,3,4.080023376,1,8.209,0.5352,245.8570422
15.89511189,54.54628941,3,3.983366219,1,8.209,0.5352,243.2988956
15.92963016,57.4684487,3,3.953382985,1,8.209,0.5352,242.5051493
16.01066783,60.97480469,3,3.977075077,1,8.209,0.5352,243.1323582
15.75206357,63.83370462,3,4.018434513,1,8.209,0.5352,244.2271359
16.04648182,67.40084661,3,4.032694804,1,8.209,0.5352,244.6045609
16.20165086,70.34337782,3,4.080341378,1,8.209,0.5352,245.8654569
15.84787169,73.83143041,3,3.977184659,1,8.209,0.5352,243.1352591
16.11496657,76.8275884,3,4.003949819,1,8.209,0.5352,243.8437493
16.00310573,79.82596999,3,4.03658635,1,8.209,0.5352,244.707554
15.8626734,83.42044203,3,4.017526659,1,8.209,0.5352,244.2031071
16.14882258,86.33001819,3,3.970493728,1,8.209,0.5352,242.9581339
15.85318428,89.79904366,3,4.057722874,1,8.209,0.5352,245.2669221
16.12115428,92.97189759,3,3.966554957,1,8.209,0.5352,242.8538629
16.20234013,95.92446432,3,4.04247711,1,8.209,0.5352,244.863455
16.12442747,99.30659707,3,3.979850716,1,8.209,0.5352,243.2058347
15.92847818,102.206536,3,4.071622085,1,8.209,0.5352,245.634732
16.21431765,105.6163088,3,3.958563877,1,8.209,0.5352,242.64231
16.15726602,108.6393497,3,3.986964855,1,8.209,0.5352,243.3941558
19.10984356,12.98586513,3,3.959679593,1,8.209,0.5352,242.6718475
18.96243523,16.2019732,3,4.062475907,1,8.209,0.5352,245.3927023
19.03105284,19.42002783,3,4.077156385,1,8.209,0.5352,245.7811784
19.19262902,22.18354758,3,3.963039382,1,8.209,0.5352,242.7607937
18.97652597,25.69790286,3,3.987055879,1,8.209,0.5352,243.3965653
19.0133041,28.64807265,3,4.073238485,1,8.209,0.5352,245.6775048
19.34765686,31.8301523,3,4.041287543,1,8.209,0.5352,244.831973
19.38760666,35.40532852,3,3.986914585,1,8.209,0.5352,243.3928251
19.01840408,38.31599414,3,4.010904556,1,8.209,0.5352,244.0278328
18.9881861,41.66783581,3,4.015471041,1,8.209,0.5352,244.1486994
19.04989053,44.74940343,3,3.998569384,1,8.209,0.5352,243.7013321
19.15300552,47.93342394,3,4.018289957,1,8.209,0.5352,244.2233098
19.13351865,51.23976664,3,4.03652095,1,8.209,0.5352,244.7058232
19.17123042,54.37756517,3,3.953956892,1,8.209,0.5352,242.5203433
19.12197627,57.56886399,3,4.027696484,1,8.209,0.5352,244.4722736
19.19607047,60.8648492,3,4.07110244,1,8.209,0.5352,245.6209812
19.13250811,64.13105509,3,3.992984073,1,8.209,0.5352,243.5534886
19.20644949,67.31397338,3,4.017813176,1,8.209,0.5352,244.2106906
19.33182789,70.32854252,3,3.955294464,1,8.209,0.5352,242.5557548
19.06437842,73.7756236,3,4.043393334,1,8.209,0.5352,244.8877029
19.13704605,76.71858873,3,4.021986022,1,8.209,0.5352,244.3211352
19.33990656,80.20762074,3,4.047579571,1,8.209,0.5352,244.9984904
19.19198812,83.33456085,3,4.06108259,1,8.209,0.5352,245.355831
19.2005258,86.55670782,3,3.980370764,1,8.209,0.5352,243.2196012
19.10327871,89.72767884,3,4.00185922,1,8.209,0.5352,243.7884126
19.28690313,92.88135271,3,4.076665558,1,8.209,0.5352,245.7681904
19.04556609,95.90134159,3,3.952506767,1,8.209,0.5352,242.4819518
19.12181608,99.37494148,3,3.973433137,1,8.209,0.5352,243.0359478
18.97026248,102.4349062,3,4.036113866,1,8.209,0.5352,244.6950494
19.22416649,105.7737374,3,4.046241422,1,8.209,0.5352,244.9630769
19.27717484,108.7187956,3,4.002054702,1,8.209,0.5352,243.7935869
22.46108135,12.72093351,3,3.970608197,1,8.209,0.5352,242.9611643
22.36362194,15.93880612,3,4.017534262,1,8.209,0.5352,244.2033084
22.42712429,19.3287007,3,3.969677199,1,8.209,0.5352,242.9365181
22.20215457,22.27651634,3,4.021376377,1,8.209,0.5352,244.3049996
22.33856221,25.81756807,3,4.023309949,1,8.209,0.5352,244.3561758
22.38172161,28.72442411,3,3.96381542,1,8.209,0.5352,242.7813382
22.6411921,32.03373846,3,3.974522445,1,8.209,0.5352,243.0647844
22.32283621,35.06395872,3,3.985222876,1,8.209,0.5352,243.3480437
22.64131507,38.39815229,3,4.014457491,1,8.209,0.5352,244.1218727
22.43114948,41.40238563,3,4.007096555,1,8.209,0.5352,243.9270403
22.64025786,44.75292303,3,4.072460065,1,8.209,0.5352,245.6569064
22.21537035,48.06904674,3,4.014959211,1,8.209,0.5352,244.1351523
22.50053498,51.41285096,3,3.975519739,1,8.209,0.5352,243.091185
22.2508887,54.4744912,3,3.971045118,1,8.209,0.5352,242.9727307
22.37802639,57.7188899,3,4.003191726,1,8.209,0.5352,243.8236832
22.16097646,60.91687195,3,4.035590371,1,8.209,0.5352,244.6811947
22.47954592,64.01544216,3,4.04162205,1,8.209,0.5352,244.8408258
22.41244196,67.44498278,3,4.076896166,1,8.209,0.5352,245.7742926
22.33017519,70.5983566,3,3.957561477,1,8.209,0.5352,242.6157724
22.34761232,73.51231108,3,4.015022073,1,8.209,0.5352,244.1368161
22.15973827,76.80550476,3,3.991846584,1,8.209,0.5352,243.5233788
22.49951898,79.78148121,3,4.043018653,1,8.209,0.5352,244.877787
22.64279189,83.04681019,3,4.003082225,1,8.209,0.5352,243.8207847
22.36216145,86.56346347,3,4.077993554,1,8.209,0.5352,245.8033309
22.35150632,89.69560588,3,4.020724003,1,8.209,0.5352,244.287733
22.41272401,93.00092374,3,4.080027648,1,8.209,0.5352,245.8571553
22.40581181,95.88819477,3,4.072031622,1,8.209,0.5352,245.6455691
22.3076207,99.23008866,3,3.989263193,1,8.209,0.5352,243.4549948
22.43018576,102.4034885,3,4.079022211,1,8.209,0.5352,245.8305504
22.29924332,105.3805015,3,4.058511323,1,8.209,0.5352,245.2877871
22.5514554,108.919599,3,3.985845482,1,8.209,0.5352,243.3645248
25.39654622,12.7096683,3,4.040065557,1,8.209,0.5352,244.7996329
25.66206408,15.81248605,3,4.000085325,1,8.209,0.5352,243.7414585
25.46985797,19.42482827,3,4.009949199,1,8.209,0.5352,244.002546
25.69271774,22.48545429,3,4.072837479,1,8.209,0.5352,245.6668935
25.80779765,25.52042086,3,4.069054213,1,8.209,0.5352,245.5667808
25.78496016,28.76711326,3,3.957733777,1,8.209,0.5352,242.6203339
25.40618054,31.91134396,3,3.964376052,1,8.209,0.5352,242.7961801
25.41506011,35.36537541,3,4.044815232,1,8.209,0.5352,244.9253332
25.59715614,38.40974283,3,3.998588862,1,8.209,0.5352,243.7018476
25.44701219,41.35622571,3,4.006216817,1,8.209,0.5352,243.9037546
25.58802656,44.85855492,3,4.058877671,1,8.209,0.5352,245.2974819
25.83444113,47.82800871,3,4.07791708,1,8.209,0.5352,245.8013073
25.75983045,50.98575799,3,4.066317882,1,8.209,0.5352,245.4943712
25.8088342,54.56673136,3,4.047576248,1,8.209,0.5352,244.9984025
25.83506767,57.65119625,3,3.977955666,1,8.209,0.5352,243.1556692
25.60097677,60.64175628,3,4.049718172,1,8.209,0.5352,245.0550871
25.64893947,63.78285965,3,4.037226259,1,8.209,0.5352,244.7244896
25.36746598,67.37626083,3,3.991757104,1,8.209,0.5352,243.5210102
25.38347939,70.42449134,3,4.004473486,1,8.209,0.5352,243.8576103
25.61917753,73.81183664,3,4.047251881,1,8.209,0.5352,244.9898183
25.74894974,76.94139816,3,3.99031085,1,8.209,0.5352,243.482727
25.5735606,79.90160489,3,4.036479211,1,8.209,0.5352,244.7047185
25.72187868,83.05633937,3,3.961371704,1,8.209,0.5352,242.7166442
25.47763593,86.29122218,3,4.066507668,1,8.209,0.5352,245.4993934
25.57411299,89.51236839,3,4.076073729,1,8.209,0.5352,245.7525298
25.57357193,92.67215197,3,4.050187943,1,8.209,0.5352,245.0675193
25.55226139,95.78450277,3,4.049906536,1,8.209,0.5352,245.060072
25.50371403,99.31657673,3,4.010229886,1,8.209,0.5352,244.0099754
25.69190357,102.3870972,3,4.040652693,1,8.209,0.5352,244.8151716
25.57694209,105.5283257,3,4.052212491,1,8.209,0.5352,245.1210971
25.37593976,108.9487948,3,3.990366804,1,8.209,0.5352,243.4842082
28.59563957,12.68339654,3,4.034297466,1,8.209,0.5352,244.6469769
28.79126765,16.24515122,3,4.027671011,1,8.209,0.5352,244.4715994
28.96631031,19.27552251,3,4.020661306,1,8.209,0.5352,244.2860735
28.55738874,22.447557,3,4.021814803,1,8.209,0.5352,244.3166035
28.81430506,25.47327412,3,4.025723822,1,8.209,0.5352,244.4200637
28.95089831,28.75266062,3,4.078970281,1,8.209,0.5352,245.8291762
28.81411951,32.12425801,3,4.007971065,1,8.209,0.5352,243.9501875
28.77994378,35.21648855,3,4.03734257,1,8.209,0.5352,244.7275679
28.61842929,38.29779106,3,4.023272289,1,8.209,0.5352,244.355179
28.66056444,41.75264171,3,4.022721752,1,8.209,0.5352,244.3406079
28.66058021,44.62742962,3,4.018035586,1,8.209,0.5352,244.2165773
28.59945508,48.13400447,3,3.982598705,1,8.209,0.5352,243.2785784
28.66996907,51.014827,3,3.999035921,1,8.209,0.5352,243.7136812
28.8286828,54.23859426,3,3.955092961,1,8.209,0.5352,242.5504201
28.88469021,57.74179394,3,4.010538898,1,8.209,0.5352,244.0181544
28.81423195,60.77392678,3,3.956578335,1,8.209,0.5352,242.5897445
28.57082258,64.16243735,3,4.047342212,1,8.209,0.5352,244.9922088
28.98525216,67.33927191,3,3.99824565,1,8.209,0.5352,243.6927629
28.58273249,70.27225208,3,4.066295908,1,8.209,0.5352,245.4937897
28.85588451,73.81017516,3,3.978628969,1,8.209,0.5352,243.1734928
28.82376693,76.57604082,3,4.025256626,1,8.209,0.5352,244.4076985
28.83654084,80.15461975,3,4.030523349,1,8.209,0.5352,244.5470907
28.59171264,83.3015372,3,4.044657612,1,8.209,0.5352,244.9211618
28.65651115,86.41520443,3,4.068822728,1,8.209,0.5352,245.5606552
28.91839563,89.6306069,3,4.024178506,1,8.209,0.5352,244.3791639
28.94477417,92.71671175,3,3.984833774,1,8.209,0.5352,243.3377437
28.63779645,96.24490198,3,4.071208365,1,8.209,0.5352,245.6237841
28.64088603,99.28344209,3,3.96405893,1,8.209,0.5352,242.7877848
29.04205607,102.6078433,3,4.076911988,1,8.209,0.5352,245.7747113
29.03282203,105.5756883,3,4.045682423,1,8.209,0.5352,244.9482832
28.60974734,109.0298062,3,3.996271474,1,8.209,0.5352,243.6405067
31.91491735,12.74823167,3,3.994384666,1,8.209,0.5352,243.5905627
31.87031606,16.13345766,3,3.980074452,1,8.209,0.5352,243.2117573
32.05669814,19.10466419,3,3.973826624,1,8.209,0.5352,243.0463644
31.91265699,22.41101249,3,3.991029947,1,8.209,0.5352,243.501762
31.84958911,25.5648951,3,3.957840142,1,8.209,0.5352,242.6231498
31.91750374,28.75856941,3,3.979978556,1,8.209,0.5352,243.2092188
32.00785035,32.07598785,3,4.050115984,1,8.209,0.5352,245.0656149
32.02561483,35.32807161,3,4.032549415,1,8.209,0.5352,244.600713
32.23490822,38.52375709,3,4.078594461,1,8.209,0.5352,245.8192316
32.13900974,41.51892934,3,4.01175288,1,8.209,0.5352,244.0502866
32.02389246,44.5811574,3,4.050010754,1,8.209,0.5352,245.0628301
32.05646703,47.82152575,3,4.015692397,1,8.209,0.5352,244.1545582
32.2491889,51.18362502,3,3.96884276,1,8.209,0.5352,242.9144281
31.75160041,54.23298838,3,3.97907628,1,8.209,0.5352,243.1853339
31.90838283,57.55324782,3,4.018665262,1,8.209,0.5352,244.2332433
32.09038815,60.85460125,3,4.061190667,1,8.209,0.5352,245.358691
31.99896801,63.81863829,3,4.000005763,1,8.209,0.5352,243.7393525
31.91003039,67.40523262,3,4.036480668,1,8.209,0.5352,244.7047571
32.13919622,70.40238481,3,4.019425343,1,8.209,0.5352,244.2533607
32.00600979,73.51015333,3,4.061480586,1,8.209,0.5352,245.3663631
32.16744256,76.97295584,3,4.061889134,1,8.209,0.5352,245.3771746
32.1992301,80.2496208,3,4.038041224,1,8.209,0.5352,244.7460581
32.07946128,83.38293241,3,3.973965991,1,8.209,0.5352,243.0500537
31.78010806,86.57660362,3,4.010839957,1,8.209,0.5352,244.026123
31.78790724,89.64044363,3,3.951656706,1,8.209,0.5352,242.4594466
31.75149325,92.8380218,3,3.951257897,1,8.209,0.5352,242.4488882
31.81349808,96.0856804,3,4.067632502,1,8.209,0.5352,245.5291592
31.91729113,99.25887765,3,3.969993811,1,8.209,0.5352,242.9448997
32.14219189,102.5693622,3,4.061575598,1,8.209,0.5352,245.3688775
31.9886643,105.3736522,3,4.038281354,1,8.209,0.5352,244.7524133
32.1077556,108.5550319,3,3.990695913,1,8.209,0.5352,243.4929199
35.19399823,12.71734889,3,4.070413594,1,8.209,0.5352,245.6027529
35.19434862,16.12714368,3,3.975832023,1,8.209,0.5352,243.0994519
35.22147877,19.02166263,3,4.00779509,1,8.209,0.5352,243.9455296
35.15726898,22.30848756,3,4.064441548,1,8.209,0.5352,245.4447186
35.12796332,25.67187453,3,3.94856065,1,8.209,0.5352,242.3774786
35.42565553,29.03485869,3,4.014975624,1,8.209,0.5352,244.1355867
35.24535723,32.23086223,3,4.062241879,1,8.209,0.5352,245.3865092
35.12009464,35.36246665,3,3.980858026,1,8.209,0.5352,243.2324999
35.10298408,38.32549875,3,4.07577631,1,8.209,0.5352,245.7446597
35.24963097,41.46339623,3,4.064916369,1,8.209,0.5352,245.4572836
35.33554466,44.67277552,3,3.985615535,1,8.209,0.5352,243.3584378
35.44687484,48.17028522,3,3.950719692,1,8.209,0.5352,242.4346393
35.08521653,51.12350355,3,3.955223983,1,8.209,0.5352,242.5538889
35.36131279,54.54639276,3,3.977652944,1,8.209,0.5352,243.1476555
35.13226933,57.5204677,3,3.963831146,1,8.209,0.5352,242.7817545
35.38269625,60.96543329,3,4.078886134,1,8.209,0.5352,245.8269496
35.11357058,63.79290918,3,4.062586252,1,8.209,0.5352,245.3956223
34.99138336,67.31055118,3,3.956148684,1,8.209,0.5352,242.5783697
35.31335719,70.33421099,3,4.007210606,1,8.209,0.5352,243.9300591
35.15750883,73.52681098,3,4.034680132,1,8.209,0.5352,244.6571045
35.13564755,76.83466168,3,3.989681627,1,8.209,0.5352,243.4660711
35.33585708,79.88657826,3,3.987780173,1,8.209,0.5352,243.415738
34.9926693,83.36617212,3,3.972416084,1,8.209,0.5352,243.0090238
35.22831331,86.4521661,3,4.030860817,1,8.209,0.5352,244.5560222
34.96867765,89.64082039,3,4.080236294,1,8.209,0.5352,245.8626763
35.11076788,92.84512221,3,3.974326541,1,8.209,0.5352,243.0595983
35.2435394,95.99009988,3,4.018659538,1,8.209,0.5352,244.2330918
35.1463487,99.05653162,3,3.974010785,1,8.209,0.5352,243.0512395
35.38545753,102.2367454,3,4.040021872,1,8.209,0.5352,244.7984768
35.23185675,105.6577101,3,4.030155122,1,8.209,0.5352,244.5373451
35.24721141,108.7560126,3,4.031017175,1,8.209,0.5352,244.5601605
38.24311247,12.89833869,3,3.959876749,1,8.209,0.5352,242.677067
38.32074218,16.12048495,3,4.046329993,1,8.209,0.5352,244.9654209
38.20444568,19.00216864,3,3.976559207,1,8.209,0.5352,243.118702
38.2986443,22.52787968,3,4.004323282,1,8.209,0.5352,243.8536345
38.5233176,25.59832389,3,4.080426955,1,8.209,0.5352,245.8677213
38.37641948,28.88223724,3,4.073761798,1,8.209,0.5352,245.6913526
38.30333158,32.1533381,3,4.077058248,1,8.209,0.5352,245.7785815
38.24505817,35.12230505,3,4.028458527,1,8.209,0.5352,244.4924423
38.20415177,38.37181258,3,4.055647391,1,8.209,0.5352,245.2119976
38.55065947,41.35275457,3,4.016329584,1,8.209,0.5352,244.1714232
38.44125899,44.94714864,3,3.989568445,1,8.209,0.5352,243.463075
38.15102291,47.82440597,3,3.977527533,1,8.209,0.5352,243.1443356
38.60797217,51.34548323,3,3.975458838,1,8.209,0.5352,243.0895728
38.17106836,54.51796832,3,4.042921151,1,8.209,0.5352,244.8752066
38.42911049,57.79470254,3,4.042513601,1,8.209,0.5352,244.8644208
38.40395915,60.69067048,3,4.031036559,1,8.209,0.5352,244.5606735
38.18067112,63.77540883,3,3.95975696,1,8.209,0.5352,242.6738957
38.22980314,67.37015755,3,4.051750387,1,8.209,0.5352,245.108868
38.63489755,70.43571537,3,4.036360851,1,8.209,0.5352,244.7015861
38.34880709,73.40502802,3,4.000501043,1,8.209,0.5352,243.7524624
38.51511362,76.97674443,3,4.081304747,1,8.209,0.5352,245.8909485
38.25075906,79.80638647,3,4.016944722,1,8.209,0.5352,244.1877046
38.56969806,83.1807035,3,3.980964158,1,8.209,0.5352,243.2353094
38.46771395,86.23978695,3,4.026120778,1,8.209,0.5352,244.4305698
38.4995748,89.37841458,3,4.056066896,1,8.209,0.5352,245.2230992
38.28175717,92.65194194,3,3.969705641,1,8.209,0.5352,242.9372711
38.5985938,95.77817157,3,4.068744053,1,8.209,0.5352,245.5585733
38.18472146,99.14157201,3,3.975851862,1,8.209,0.5352,243.0999771
38.59117749,102.2028009,3,4.030638567,1,8.209,0.5352,244.5501401
38.5117318,105.808771,3,4.013469617,1,8.209,0.5352,244.0957256
38.27660795,108.9068,3,4.015914867,1,8.209,0.5352,244.1604465
41.84041635,12.85126348,3,3.965006059,1,8.209,0.5352,242.8128585
41.39162094,16.03476518,3,3.976850807,1,8.209,0.5352,243.1264213
41.55496488,19.01136546,3,3.950574988,1,8.209,0.5352,242.4308083
41.56249476,22.33345964,3,4.04536834,1,8.209,0.5352,244.9399711
41.3594015,25.4550258,3,4.066517777,1,8.209,0.5352,245.4996609
41.74340171,28.66504298,3,4.037356395,1,8.209,0.5352,244.7279338
41.59362719,31.90863535,3,4.06858939,1,8.209,0.5352,245.5544806
41.40154684,34.98336883,3,3.971928399,1,8.209,0.5352,242.9961136
41.74076191,38.32517796,3,4.072309988,1,8.209,0.5352,245.6529351
41.35597236,41.4680293,3,3.995841557,1,8.209,0.5352,243.6291268
41.37807236,44.78144731,3,4.036237336,1,8.209,0.5352,244.6983171
41.35250879,48.04950154,3,4.030389839,1,8.209,0.5352,244.5435572
41.40329031,51.0490918,3,4.037478548,1,8.209,0.5352,244.7311666
41.70317931,54.24093481,3,3.9725718,1,8.209,0.5352,243.013146
41.52069662,57.38636262,3,3.972845856,1,8.209,0.5352,243.020401
41.41193212,61.01095324,3,3.996192766,1,8.209,0.5352,243.6384233
41.59634582,64.22243991,3,4.010199231,1,8.209,0.5352,244.009164
41.83357603,67.05684913,3,4.000808042,1,8.209,0.5352,243.7605885
41.61680636,70.53121209,3,3.957077246,1,8.209,0.5352,242.6029528
41.53779412,73.46254203,3,3.951570615,1,8.209,0.5352,242.4571674
41.61079148,76.8163832,3,4.005229567,1,8.209,0.5352,243.8776231
41.67511052,79.85067827,3,3.957668798,1,8.209,0.5352,242.6186136
41.51805565,83.25478355,3,4.016332367,1,8.209,0.5352,244.1714969
41.76668537,86.2632462,3,4.034361195,1,8.209,0.5352,244.6486636
41.61493174,89.66975833,3,4.009884192,1,8.209,0.5352,244.0008254
41.46481282,92.63008212,3,4.061798931,1,8.209,0.5352,245.3747875
41.73088369,96.13150939,3,4.016117569,1,8.209,0.5352,244.1658116
41.45599723,99.30964167,3,3.952525257,1,8.209,0.5352,242.4824413
41.61544994,102.6062652,3,4.023529977,1,8.209,0.5352,244.3619993
41.80348248,105.811412,3,4.072140464,1,8.209,0.5352,245.6484492
41.43995235,108.701154,3,3.982965878,1,8.209,0.5352,243.288298
44.69219725,12.75804235,3,3.966553533,1,8.209,0.5352,242.8538252
44.95831926,16.0948875,3,3.950555826,1,8.209,0.5352,242.430301
44.61747681,19.28546296,3,4.058479526,1,8.209,0.5352,245.2869457
44.92627169,22.51552972,3,4.044329207,1,8.209,0.5352,244.9124707
44.75674801,25.36866254,3,4.080981945,1,8.209,0.5352,245.8824069
44.95580526,28.91207306,3,4.029034879,1,8.209,0.5352,244.5076963
44.57073091,32.09032467,3,3.996414441,1,8.209,0.5352,243.644291
44.65825953,35.39971758,3,3.986325532,1,8.209,0.5352,243.3772323
44.68216341,38.45332944,3,4.038067376,1,8.209,0.5352,244.7467503
44.73924287,41.84210691,3,4.040689402,1,8.209,0.5352,244.8161431
45.0122758,44.72132965,3,3.973775494,1,8.209,0.5352,243.0450108
44.563818,47.90577167,3,3.983299961,1,8.209,0.5352,243.2971416
44.77078109,51.1987801,3,4.012738337,1,8.209,0.5352,244.07637
44.67676564,54.24933841,3,3.985851114,1,8.209,0.5352,243.3646739
44.65875577,57.37229503,3,3.960670237,1,8.209,0.5352,242.6980737
44.57480134,60.95687925,3,4.054984916,1,8.209,0.5352,245.1944661
44.76878636,63.96020862,3,4.04580165,1,8.209,0.5352,244.9514385
44.65262039,67.44977708,3,4.036327427,1,8.209,0.5352,244.7007015
44.7917565,70.54221373,3,3.949582795,1,8.209,0.5352,242.40454
44.86964585,73.73648146,3,4.013472456,1,8.209,0.5352,244.0958007
44.76464968,76.56595363,3,4.066438057,1,8.209,0.5352,245.4975513
44.80935474,79.98453009,3,4.051166466,1,8.209,0.5352,245.093415
44.7187426,83.15244196,3,3.995133487,1,8.209,0.5352,243.6103841
44.92805733,86.52421089,3,3.992950019,1,8.209,0.5352,243.5525871
44.71256416,89.74718577,3,3.948353593,1,8.209,0.5352,242.3719968
44.91500457,93.01823978,3,4.056977378,1,8.209,0.5352,245.2471937
44.85899507,95.7888867,3,4.02016982,1,8.209,0.5352,244.2730652
44.71069862,99.15682901,3,3.949069669,1,8.209,0.5352,242.3909549
44.58088307,102.1925952,3,3.998413927,1,8.209,0.5352,243.6972171
44.85528155,105.3625211,3,3.96298222,1,8.209,0.5352,242.7592804
44.95454882,108.5691932,3,4.055552589,1,8.209,0.5352,245.2094888
47.93409437,12.66878899,3,3.958798468,1,8.209,0.5352,242.6485206
48.19842276,15.92825133,3,4.004260443,1,8.209,0.5352,243.8519712
47.92138898,19.41201989,3,3.95678609,1,8.209,0.5352,242.5952446
47.84206632,22.47172251,3,4.013278095,1,8.209,0.5352,244.0906564
47.86436301,25.5367477,3,3.984096653,1,8.209,0.5352,243.3182312
47.89281484,28.58342956,3,4.00276996,1,8.209,0.5352,243.8125193
48.13337398,31.86549363,3,3.969142317,1,8.209,0.5352,242.9223582
48.05804673,35.43420608,3,4.001639382,1,8.209,0.5352,243.7825936
48.03936166,38.55528205,3,3.981112489,1,8.209,0.5352,243.2392359
47.86816892,41.50704995,3,3.96414081,1,8.209,0.5352,242.7899524
47.7652446,44.55345108,3,4.065021985,1,8.209,0.5352,245.4600785
47.77891186,48.04023862,3,4.015218649,1,8.209,0.5352,244.1420191
47.85395724,51.38354121,3,4.080543379,1,8.209,0.5352,245.870802
48.24432752,54.55833491,3,3.959299363,1,8.209,0.5352,242.6617813
47.98750257,57.55813712,3,3.97100499,1,8.209,0.5352,242.9716685
47.93236557,60.97545855,3,4.063726627,1,8.209,0.5352,245.4257998
47.9163956,64.04053763,3,3.993148538,1,8.209,0.5352,243.557842
47.87990269,67.38019825,3,3.965610345,1,8.209,0.5352,242.828856
48.02387226,70.30212867,3,4.073053026,1,8.209,0.5352,245.6725973
48.00909999,73.73653946,3,4.041935358,1,8.209,0.5352,244.8491176
48.13423902,76.64733453,3,4.012752183,1,8.209,0.5352,244.0767364
48.05196354,79.8601827,3,4.031272357,1,8.209,0.5352,244.5669142
47.79973817,83.10302214,3,4.043027083,1,8.209,0.5352,244.8780101
48.05498305,86.15462759,3,3.976335192,1,8.209,0.5352,243.1127719
47.92530364,89.79423345,3,4.058993124,1,8.209,0.5352,245.3005372
47.76072368,92.71639739,3,4.073444017,1,8.209,0.5352,245.6829435
48.21558249,95.85312101,3,4.024905349,1,8.209,0.5352,244.3984013
47.78824595,99.04377933,3,4.040407253,1,8.209,0.5352,244.808676
48.05359703,102.5329617,3,3.94930166,1,8.209,0.5352,242.3970969
48.15922877,105.7084554,3,3.976687717,1,8.209,0.5352,243.122104
48.04542255,108.8241233,3,3.993080208,1,8.209,0.5352,243.5560333
51.37646003,13.01572766,3,3.972029327,1,8.209,0.5352,242.9987854
51.04101239,15.93902004,3,4.061288598,1,8.209,0.5352,245.3612826
51.04948415,18.97471927,3,3.979052575,1,8.209,0.5352,243.1847064
51.03958825,22.54806539,3,4.04696801,1,8.209,0.5352,244.9823058
51.42930539,25.76888592,3,4.020093171,1,8.209,0.5352,244.2710365
51.25493477,28.70650582,3,3.966775426,1,8.209,0.5352,242.8596994
51.34840895,32.05311576,3,3.982864613,1,8.209,0.5352,243.2856174
51.32323281,35.39251746,3,4.061694946,1,8.209,0.5352,245.3720358
51.07131739,38.59243488,3,4.008279256,1,8.209,0.5352,243.9583449
51.18440471,41.70430205,3,4.05273755,1,8.209,0.5352,245.1349922
51.00528396,44.87992724,3,4.063241803,1,8.209,0.5352,245.4129701
51.14339356,47.92624909,3,3.952869424,1,8.209,0.5352,242.491553
51.29575164,51.10035769,3,4.036881432,1,8.209,0.5352,244.7153636
51.04277061,54.26111355,3,3.948574082,1,8.209,0.5352,242.3778342
51.41595269,57.61137319,3,3.954197615,1,8.209,0.5352,242.5267163
51.09354584,60.58758425,3,3.994378847,1,8.209,0.5352,243.5904086
50.98502393,64.23915705,3,4.073706423,1,8.209,0.5352,245.6898873
51.03605662,67.22761781,3,4.064741212,1,8.209,0.5352,245.4526485
51.17401255,70.31041139,3,3.996399772,1,8.209,0.5352,243.6439027
51.42780952,73.83291332,3,4.046150428,1,8.209,0.5352,244.9606688
51.18414767,76.96754267,3,4.077039116,1,8.209,0.5352,245.7780753
50.9801502,80.12490249,3,4.010128729,1,8.209,0.5352,244.0072979
51.40675236,83.43892537,3,4.078566137,1,8.209,0.5352,245.8184821
50.99063651,86.34763058,3,4.05179325,1,8.209,0.5352,245.1100023
50.99917145,89.56111879,3,4.018180248,1,8.209,0.5352,244.2204061
51.04298959,92.91790287,3,3.970544073,1,8.209,0.5352,242.9594667
51.23608984,95.97491196,3,4.077252405,1,8.209,0.5352,245.7837192
51.27149825,99.38207175,3,4.036016901,1,8.209,0.5352,244.6924832
51.12061651,102.5420717,3,4.070307182,1,8.209,0.5352,245.5999371
51.1117513,105.4138394,3,3.992013007,1,8.209,0.5352,243.5277841
51.36450912,108.6546688,3,4.061523937,1,8.209,0.5352,245.3675104
54.32198664,12.91031237,3,4.034664554,1,8.209,0.5352,244.6566922
54.34073674,16.03590411,3,3.950460471,1,8.209,0.5352,242.4277764
54.18796911,19.15322189,3,4.057554948,1,8.209,0.5352,245.2624782
54.42484718,22.59293559,3,4.080377557,1,8.209,0.5352,245.8664142
54.28228267,25.77998579,3,3.985241377,1,8.209,0.5352,243.3485334
54.20290493,28.7092384,3,4.050449274,1,8.209,0.5352,245.0744352
54.45007732,31.87624785,3,4.05168152,1,8.209,0.5352,245.1070455
54.62539142,35.26383705,3,4.039170491,1,8.209,0.5352,244.7759447
54.2510111,38.54037767,3,3.9569875,1,8.209,0.5352,242.6005768
54.56982052,41.63590864,3,4.000659606,1,8.209,0.5352,243.7566595
54.30861535,44.58537497,3,3.970086689,1,8.209,0.5352,242.9473585
54.15787726,48.00336683,3,4.024671939,1,8.209,0.5352,244.3922236
54.49755057,51.22710202,3,4.046402239,1,8.209,0.5352,244.9673329
54.44950961,54.51058646,3,4.003250721,1,8.209,0.5352,243.8252447
54.45312788,57.8057192,3,3.984039915,1,8.209,0.5352,243.3167292
54.43584841,61.03964381,3,4.01286123,1,8.209,0.5352,244.0796227
54.51247116,64.21219864,3,4.080922322,1,8.209,0.5352,245.8808292
54.37783038,67.44444741,3,4.060910231,1,8.209,0.5352,245.3512698
54.32169476,70.31679105,3,4.061549285,1,8.209,0.5352,245.3681811
54.16239935,73.73213456,3,4.007830572,1,8.209,0.5352,243.9464688
54.46847185,76.82132061,3,4.058717996,1,8.209,0.5352,245.2932564
54.4731605,79.80110842,3,3.975006458,1,8.209,0.5352,243.0775973
54.62436845,83.08218305,3,4.023989092,1,8.209,0.5352,244.3741507
54.19736283,86.47009077,3,3.989878249,1,8.209,0.5352,243.4712758
54.30631801,89.57592178,3,3.95404289,1,8.209,0.5352,242.5226201
54.61608469,92.65756534,3,4.041532257,1,8.209,0.5352,244.8384494
54.49161162,95.80425724,3,4.033922054,1,8.209,0.5352,244.6370413
54.54949742,99.19598682,3,4.029908898,1,8.209,0.5352,244.5308285
54.44577893,102.5604443,3,3.957438694,1,8.209,0.5352,242.6125218
54.2540822,105.3901304,3,4.051525059,1,8.209,0.5352,245.1029049
54.24773457,108.6038327,3,4.053161489,1,8.209,0.5352,245.1462113
57.40872428,12.86417415,3,4.063521835,1,8.209,0.5352,245.4203805
57.36633742,15.91658497,3,4.043154497,1,8.209,0.5352,244.8813821
57.68628923,19.29372297,3,4.000298947,1,8.209,0.5352,243.747113
57.71516258,22.30203089,3,4.079076274,1,8.209,0.5352,245.8319809
57.44238744,25.6260509,3,4.010587659,1,8.209,0.5352,244.0194451
57.77981997,28.90374963,3,4.05129805,1,8.209,0.5352,245.0968973
57.69279269,32.15368035,3,3.988770713,1,8.209,0.5352,243.4419585
57.81019897,35.29629184,3,4.040366799,1,8.209,0.5352,244.8076054
57.44439814,38.60202562,3,3.957555938,1,8.209,0.5352,242.6156257
57.76471556,41.4598783,3,4.04443908,1,8.209,0.5352,244.9153784
57.41762844,44.71215649,3,4.068685349,1,8.209,0.5352,245.5570199
57.55518538,47.79578084,3,4.033242952,1,8.209,0.5352,244.6190682
57.68486748,51.07551507,3,4.00284005,1,8.209,0.5352,243.8143746
57.55927492,54.33896878,3,3.977755545,1,8.209,0.5352,243.1503716
57.58427671,57.64246071,3,3.960488015,1,8.209,0.5352,242.6932496
57.69740576,60.77739607,3,4.0346581,1,8.209,0.5352,244.6565214
57.39337919,63.95151803,3,4.014119174,1,8.209,0.5352,244.1129182
57.49598706,67.01230402,3,4.032218635,1,8.209,0.5352,244.5919585
57.37178413,70.25120311,3,4.076193375,1,8.209,0.5352,245.7556958
57.68385107,73.61891464,3,3.967522702,1,8.209,0.5352,242.8794822
57.40742717,76.8113028,3,3.98478758,1,8.209,0.5352,243.3365209
57.49376679,80.19188964,3,4.063408952,1,8.209,0.5352,245.4173933
57.62570122,83.34548209,3,4.02949532,1,8.209,0.5352,244.5198825
57.4659068,86.18493005,3,4.03154519,1,8.209,0.5352,244.574135
57.44585297,89.59209473,3,4.023236357,1,8.209,0.5352,244.354228
57.67514217,92.97889142,3,4.015753495,1,8.209,0.5352,244.1561754
57.69401995,96.22507182,3,3.971601362,1,8.209,0.5352,242.987456
57.4290405,99.03778971,3,4.002186374,1,8.209,0.5352,243.7970722
57.50728331,102.3917637,3,3.976396829,1,8.209,0.5352,243.1144035
57.60844207,105.6370728,3,3.969452404,1,8.209,0.5352,242.9305671
57.38811115,108.7996097,3,3.966519002,1,8.209,0.5352,242.8529111
60.55661391,12.69952138,3,4.002239437,1,8.209,0.5352,243.7984767
60.99425258,16.23690444,3,3.987109469,1,8.209,0.5352,243.3979839
60.57983344,19.09083692,3,4.076790642,1,8.209,0.5352,245.7715003
60.57612665,22.55748096,3,3.967688637,1,8.209,0.5352,242.883875
60.6690992,25.79817391,3,4.021058012,1,8.209,0.5352,244.2965733
60.75707652,28.69850587,3,3.997760136,1,8.209,0.5352,243.6799114
60.76056461,31.82166585,3,3.987342198,1,8.209,0.5352,243.4041444
60.59299131,35.16028054,3,4.075774785,1,8.209,0.5352,245.7446193
60.88037943,38.54770725,3,3.961448044,1,8.209,0.5352,242.7186652
60.92860903,41.3578097,3,4.04440465,1,8.209,0.5352,244.9144673
60.84952371,44.88445165,3,3.986716783,1,8.209,0.5352,243.3875891
60.61699899,48.21235418,3,3.98180066,1,8.209,0.5352,243.2574529
60.60778247,51.03988777,3,4.008171963,1,8.209,0.5352,243.955505
61.02224733,54.39337429,3,4.075942652,1,8.209,0.5352,245.7490613
60.89123588,57.73936886,3,4.031985188,1,8.209,0.5352,244.5857801
60.97722073,60.69523876,3,3.991314719,1,8.209,0.5352,243.5093
60.62264012,63.80447009,3,3.995866952,1,8.209,0.5352,243.629799
60.99328317,67.15807439,3,4.035464157,1,8.209,0.5352,244.6778544
60.99907391,70.64004909,3,3.978842764,1,8.209,0.5352,243.1791523
60.64384087,73.66713128,3,3.949712461,1,8.209,0.5352,242.4079729
60.88622557,76.80138465,3,4.081212304,1,8.209,0.5352,245.8885024
60.66859033,79.89003867,3,3.957006447,1,8.209,0.5352,242.6010784
60.75369577,83.43826846,3,4.003911686,1,8.209,0.5352,243.8427399
60.9703445,86.53632643,3,3.955400495,1,8.209,0.5352,242.5585619
61.01069092,89.53792513,3,3.984359033,1,8.209,0.5352,243.3251767
60.80131211,93.04858719,3,3.964804806,1,8.209,0.5352,242.8075307
60.72648208,96.01363513,3,3.995316126,1,8.209,0.5352,243.6152186
60.56070502,98.95965405,3,4.041103212,1,8.209,0.5352,244.8270947
60.84500467,102.310936,3,3.991850523,1,8.209,0.5352,243.523483
60.75054886,105.7751689,3,4.037335142,1,8.209,0.5352,244.7273713
60.6279736,108.8282768,3,4.041527262,1,8.209,0.5352,244.8383172
64.22066116,13.03961839,3,4.027645856,1,8.209,0.5352,244.4709336
64.12292352,16.11794484,3,3.965298904,1,8.209,0.5352,242.8206111
64.15365499,19.14643524,3,3.974296613,1,8.209,0.5352,243.0588061
64.15114531,22.5892243,3,3.966853952,1,8.209,0.5352,242.8617783
63.91467702,25.6153589,3,4.0208425,1,8.209,0.5352,244.2908693
64.16977361,28.74211626,3,3.967519346,1,8.209,0.5352,242.8793933
64.06118804,31.80135074,3,3.995010499,1,8.209,0.5352,243.6071286
63.86564848,35.27781929,3,3.996953601,1,8.209,0.5352,243.6585625
64.11491275,38.57283043,3,4.054862893,1,8.209,0.5352,245.1912369
63.85923424,41.62790916,3,4.008852192,1,8.209,0.5352,243.9735098
64.23347062,45.04678329,3,4.035413562,1,8.209,0.5352,244.6765153
63.82058629,47.85643846,3,4.02591866,1,8.209,0.5352,244.4252204
63.82927239,50.98207085,3,3.999117686,1,8.209,0.5352,243.7158455
64.009146,54.29055181,3,3.96886287,1,8.209,0.5352,242.9149605
64.24505717,57.50281954,3,3.991377966,1,8.209,0.5352,243.5109742
63.78423879,60.73899173,3,4.0808118,1,8.209,0.5352,245.8779047
64.22044516,63.94876251,3,3.9602673,1,8.209,0.5352,242.6874064
63.75815025,67.28287013,3,3.963539484,1,8.209,0.5352,242.7740332
64.00888103,70.27440947,3,4.036888036,1,8.209,0.5352,244.7155383
63.88865551,73.74808041,3,3.995986703,1,8.209,0.5352,243.6329688
64.12934291,77.04391982,3,4.073057577,1,8.209,0.5352,245.6727177
63.93287662,80.0937252,3,4.026760567,1,8.209,0.5352,244.447503
63.86219198,83.19355379,3,4.031662413,1,8.209,0.5352,244.5772375
63.80934307,86.57593473,3,3.975112875,1,8.209,0.5352,243.0804144
64.22353768,89.35857672,3,4.056958895,1,8.209,0.5352,245.2467046
64.04013053,92.67145078,3,3.958385658,1,8.209,0.5352,242.6375918
63.77749366,96.18649152,3,4.026255091,1,8.209,0.5352,244.4341247
64.06995258,99.37035133,3,3.991911005,1,8.209,0.5352,243.525084
63.77069914,102.1834742,3,4.004107476,1,8.209,0.5352,243.8479223
63.88408068,105.5722908,3,4.004883989,1,8.209,0.5352,243.8684759
64.19848114,108.7658875,3,4.002239025,1,8.209,0.5352,243.7984658
67.27887584,12.89496704,3,4.016070965,1,8.209,0.5352,244.1645781
67.44842951,16.06912464,3,4.025465067,1,8.209,0.5352,244.4132153
67.25033278,19.29606251,3,4.065960324,1,8.209,0.5352,245.4849093
66.99918233,22.41177585,3,4.045345673,1,8.209,0.5352,244.9393712
67.25506772,25.68179668,3,4.060782449,1,8.209,0.5352,245.3478883
67.43219118,28.82689725,3,3.96539942,1,8.209,0.5352,242.8232721
67.35832341,31.85253498,3,4.029916115,1,8.209,0.5352,244.5310195
67.38043259,35.02102799,3,4.068760578,1,8.209,0.5352,245.5590106
67.31738974,38.18875151,3,4.079972483,1,8.209,0.5352,245.8556956
67.01036088,41.38152388,3,4.003707094,1,8.209,0.5352,243.8373246
67.07940645,44.90762081,3,3.99125776,1,8.209,0.5352,243.5077923
67.33123432,47.79857886,3,4.056154126,1,8.209,0.5352,245.2254076
67.1795565,51.11843775,3,4.036821901,1,8.209,0.5352,244.713788
67.19389443,54.4188871,3,3.950108626,1,8.209,0.5352,242.4184614
67.02402503,57.72374064,3,4.064820063,1,8.209,0.5352,245.4547351
67.4008734,60.56532078,3,4.042294296,1,8.209,0.5352,244.8586169
67.16709901,63.83801237,3,4.028761188,1,8.209,0.5352,244.5004526
66.97470466,67.18199838,3,3.968540709,1,8.209,0.5352,242.9064319
67.31678243,70.52083468,3,4.000403055,1,8.209,0.5352,243.7498687
67.25631152,73.78911874,3,4.077653722,1,8.209,0.5352,245.7943385
67.42830218,76.74637063,3,3.995237835,1,8.209,0.5352,243.6131462
67.13034896,80.05693561,3,3.975097327,1,8.209,0.5352,243.0800029
67.36987956,83.15605013,3,3.969972287,1,8.209,0.5352,242.9443299
67.29937361,86.2332479,3,3.977338748,1,8.209,0.5352,243.1393381
67.27014233,89.76633359,3,3.98955253,1,8.209,0.5352,243.4626538
67.15371673,92.78378056,3,4.002710605,1,8.209,0.5352,243.8109482
67.28155251,95.92842874,3,4.059281927,1,8.209,0.5352,245.3081798
67.40893541,99.22983105,3,4.033096381,1,8.209,0.5352,244.615189
67.11922468,102.4618356,3,3.952268764,1,8.209,0.5352,242.4756507
67.30771689,105.7925564,3,4.065517254,1,8.209,0.5352,245.4731846
67.35951002,109.0085943,3,4.057262365,1,8.209,0.5352,245.2547355
70.50810196,12.9858165,3,4.01723301,1,8.209,0.5352,244.1953349
70.36707562,16.03043485,3,3.979354762,1,8.209,0.5352,243.1927059
70.15009829,19.21855555,3,4.060562668,1,8.209,0.5352,245.3420723
70.5813316,22.61451014,3,4.020563582,1,8.209,0.5352,244.283487
70.50245466,25.79921836,3,3.976058048,1,8.209,0.5352,243.1054353
70.54897171,29.00532763,3,4.029559765,1,8.209,0.5352,244.5215882
70.31959232,32.17938498,3,4.029910744,1,8.209,0.5352,244.5308773
70.20140385,35.10788227,3,4.056194921,1,8.209,0.5352,245.2264872
70.33240345,38.2874726,3,4.049482426,1,8.209,0.5352,245.0488483
70.57407039,41.54631577,3,3.950467747,1,8.209,0.5352,242.4279691
70.30660077,44.60368677,3,3.962283759,1,8.209,0.5352,242.7407896
70.48100864,47.89023489,3,4.046755451,1,8.209,0.5352,244.9766805
70.57958283,51.29942564,3,4.017237608,1,8.209,0.5352,244.1954566
70.26948958,54.64079549,3,4.043517682,1,8.209,0.5352,244.8909938
70.43518981,57.36301244,3,3.952069125,1,8.209,0.5352,242.4703653
70.45160961,60.58592712,3,3.984351001,1,8.209,0.5352,243.3249641
70.30072501,63.75863096,3,3.998469392,1,8.209,0.5352,243.6986853
70.63471048,67.25907321,3,3.957863894,1,8.209,0.5352,242.6237786
70.37561699,70.29033929,3,3.991336166,1,8.209,0.5352,243.5098677
70.29750239,73.360822,3,3.961035573,1,8.209,0.5352,242.7077455
70.4260973,76.96803655,3,4.075578644,1,8.209,0.5352,245.7394292
70.58376508,80.12780297,3,4.069916118,1,8.209,0.5352,245.5895887
70.6052688,83.29725788,3,4.009077532,1,8.209,0.5352,243.9794742
70.41050219,86.25822397,3,4.033904654,1,8.209,0.5352,244.6365808
70.2829397,89.53967244,3,3.951479094,1,8.209,0.5352,242.4547444
70.31242364,92.62842398,3,3.967066623,1,8.209,0.5352,242.8674083
70.49459811,96.11615959,3,4.077501473,1,8.209,0.5352,245.7903098
70.56963121,99.1598164,3,3.989540054,1,8.209,0.5352,243.4623235
70.24390235,102.4493382,3,3.969723221,1,8.209,0.5352,242.9377365
70.2903822,105.8205981,3,4.025753545,1,8.209,0.5352,244.4208503
70.51806172,108.667424,3,3.986136699,1,8.209,0.5352,243.3722336
73.72586349,12.56662615,3,4.061806829,1,8.209,0.5352,245.3749965
73.39555878,15.86194092,3,4.010552469,1,8.209,0.5352,244.0185136
73.47635314,18.96949069,3,3.972931968,1,8.209,0.5352,243.0226806
73.56184257,22.20858517,3,4.013501019,1,8.209,0.5352,244.0965568
73.82757226,25.84995199,3,4.077628233,1,8.209,0.5352,245.7936641
73.56263,28.99751924,3,3.972688409,1,8.209,0.5352,243.016233
73.68381391,32.17872462,3,3.986916785,1,8.209,0.5352,243.3928833
73.43903971,35.14835603,3,4.051134504,1,8.209,0.5352,245.0925692
73.59503154,38.64579194,3,4.075726953,1,8.209,0.5352,245.7433536
73.51810951,41.50420085,3,3.982180651,1,8.209,0.5352,243.2675119
73.4851105,44.72559168,3,4.03538453,1,8.209,0.5352,244.675747
73.49946631,47.82164168,3,4.075392595,1,8.209,0.5352,245.734506
73.56178013,51.19727955,3,3.986776688,1,8.209,0.5352,243.3891748
73.63769919,54.47363003,3,4.057218038,1,8.209,0.5352,245.2535624
73.6425415,57.41694612,3,4.064586361,1,8.209,0.5352,245.4485507
73.69231058,60.84962742,3,4.014707477,1,8.209,0.5352,244.1284894
73.75598577,63.76366165,3,3.994465725,1,8.209,0.5352,243.5927083
73.4421205,67.06239249,3,4.031359711,1,8.209,0.5352,244.5692261
73.50287817,70.30622422,3,3.957152271,1,8.209,0.5352,242.604939
73.68599904,73.69578371,3,4.055859114,1,8.209,0.5352,245.2176005
73.78638259,76.86248584,3,4.07643655,1,8.209,0.5352,245.7621306
73.77680189,79.9529528,3,3.983315469,1,8.209,0.5352,243.2975522
73.64580188,83.24813179,3,4.020374118,1,8.209,0.5352,244.2784724
73.36038399,86.18930366,3,3.961215926,1,8.209,0.5352,242.7125202
73.55320863,89.63678802,3,3.977470526,1,8.209,0.5352,243.1428265
73.61656637,92.93959199,3,4.035821716,1,8.209,0.5352,244.6873175
73.65734169,96.07833168,3,4.044278275,1,8.209,0.5352,244.9111227
73.42393101,99.17354054,3,4.013892619,1,8.209,0.5352,244.1069217
73.58414332,102.3472798,3,4.013068688,1,8.209,0.5352,244.0851138
73.49531896,105.639345,3,4.053803076,1,8.209,0.5352,245.1631902
73.52831182,108.9181313,3,3.990402174,1,8.209,0.5352,243.4851444
76.80135064,12.6431066,3,4.054969579,1,8.209,0.5352,245.1940602
76.62433692,16.23367536,3,4.029992172,1,8.209,0.5352,244.5330324
76.70470237,19.20408414,3,4.012840588,1,8.209,0.5352,244.0790764
76.81422366,22.35863181,3,4.064187524,1,8.209,0.5352,245.4379964
76.84491103,25.79130728,3,4.026746709,1,8.209,0.5352,244.4471362
77.00301607,28.59282832,3,4.05972779,1,8.209,0.5352,245.3199788
76.87550675,31.84652939,3,3.95501916,1,8.209,0.5352,242.5484663
76.90868213,35.41907967,3,4.054154286,1,8.209,0.5352,245.1724845
76.60276012,38.25953245,3,4.038708043,1,8.209,0.5352,244.7637058
76.59394689,41.81717942,3,4.062517746,1,8.209,0.5352,245.3938095
76.8682506,44.97042187,3,3.954204778,1,8.209,0.5352,242.526906
76.88694682,47.75193697,3,4.020537552,1,8.209,0.5352,244.2827981
76.94120042,51.04262463,3,4.020229444,1,8.209,0.5352,244.2746433
77.03821214,54.45223036,3,4.027012971,1,8.209,0.5352,244.4541833
77.0299493,57.37846542,3,4.026535805,1,8.209,0.5352,244.4415543
76.66085245,60.84044956,3,4.068015892,1,8.209,0.5352,245.5393046
76.64694457,63.8741959,3,3.975984861,1,8.209,0.5352,243.1034978
76.62582036,67.09670551,3,4.032242936,1,8.209,0.5352,244.5926017
76.68662213,70.43635219,3,4.004619982,1,8.209,0.5352,243.8614879
76.70912828,73.46717969,3,4.062747446,1,8.209,0.5352,245.399888
76.70055287,76.90631534,3,3.975933833,1,8.209,0.5352,243.102147
76.91289337,80.05098939,3,3.996494228,1,8.209,0.5352,243.6464029
76.9792298,83.06495009,3,4.076327791,1,8.209,0.5352,245.7592527
77.00708558,86.42494353,3,3.995440819,1,8.209,0.5352,243.6185192
76.67487078,89.51419658,3,4.044822394,1,8.209,0.5352,244.9255228
76.96385379,92.59056418,3,3.990875053,1,8.209,0.5352,243.4976618
76.82461189,95.85749033,3,4.026239941,1,8.209,0.5352,244.4337237
76.58130516,99.35274864,3,3.979501757,1,8.209,0.5352,243.1965971
76.75846641,102.2258853,3,3.952275753,1,8.209,0.5352,242.4758357
76.71861251,105.3644472,3,4.054398816,1,8.209,0.5352,245.1789557
77.00142442,108.8217549,3,3.972471368,1,8.209,0.5352,243.0104874
79.86367184,12.5974638,3,4.008581714,1,8.209,0.5352,243.9663506
79.84482619,15.99404591,3,3.980975449,1,8.209,0.5352,243.2356083
79.97862816,18.98017053,3,4.010352322,1,8.209,0.5352,244.0132161
80.14804903,22.45233395,3,4.00994824,1,8.209,0.5352,244.0025206
80.23893827,25.52691353,3,4.067271685,1,8.209,0.5352,245.5196111
80.22935614,28.87373244,3,3.963932666,1,8.209,0.5352,242.7844421
80.01978147,31.98324868,3,3.953339812,1,8.209,0.5352,242.5040064
79.97843793,35.06963892,3,4.009328141,1,8.209,0.5352,243.9861075
79.77217323,38.52347332,3,4.039807038,1,8.209,0.5352,244.7927911
79.95615789,41.61918167,3,4.006869767,1,8.209,0.5352,243.9210374
79.91920543,44.81190552,3,3.982222959,1,8.209,0.5352,243.2686318
79.94606629,47.96467865,3,4.034886575,1,8.209,0.5352,244.6625682
80.21517724,51.17549155,3,3.980153381,1,8.209,0.5352,243.2138468
80.00786695,54.50123712,3,3.984837174,1,8.209,0.5352,243.3378337
80.05199158,57.43461639,3,4.047051395,1,8.209,0.5352,244.9845125
79.95471218,60.8948689,3,4.03914978,1,8.209,0.5352,244.7753966
79.82219225,64.06399241,3,3.948355551,1,8.209,0.5352,242.3720486
79.80120084,66.9884962,3,4.01451459,1,8.209,0.5352,244.123384
80.07301664,70.48050117,3,3.969988285,1,8.209,0.5352,242.9447535
79.85395446,73.78022311,3,3.97785104,1,8.209,0.5352,243.1528995
79.81083912,76.87986334,3,4.050075664,1,8.209,0.5352,245.0645479
80.24164662,80.08324772,3,4.05237889,1,8.209,0.5352,245.1255007
79.94037998,83.16901175,3,4.033273025,1,8.209,0.5352,244.6198641
79.80636027,86.60178986,3,4.024170637,1,8.209,0.5352,244.3789557
79.94805509,89.66604257,3,3.976364989,1,8.209,0.5352,243.1135607
79.90314838,92.78240942,3,4.059415399,1,8.209,0.5352,245.3117119
80.0638411,95.86461958,3,4.004067519,1,8.209,0.5352,243.8468647
79.77967253,99.42509038,3,4.017624465,1,8.209,0.5352,244.2056958
79.76103133,102.1847066,3,4.041899491,1,8.209,0.5352,244.8481683
79.83279476,105.6634654,3,4.065210996,1,8.209,0.5352,245.4650802
80.0782572,108.7565031,3,4.055622935,1,8.209,0.5352,245.2113504
83.16049631,12.86247136,3,3.968884205,1,8.209,0.5352,242.9155253
83.11605142,16.2198844,3,3.998680241,1,8.209,0.5352,243.7042664
83.05992938,19.15688453,3,3.962512226,1,8.209,0.5352,242.746838
83.39709322,22.58602413,3,3.96169486,1,8.209,0.5352,242.7251993
83.13445945,25.54563565,3,4.0514782,1,8.209,0.5352,245.1016648
83.18049679,28.71509807,3,4.031593556,1,8.209,0.5352,244.5754151
83.43574895,31.96358112,3,3.949813513,1,8.209,0.5352,242.4106483
82.99715738,35.08863927,3,4.030612133,1,8.209,0.5352,244.5494405
83.13353283,38.39760982,3,4.070446198,1,8.209,0.5352,245.6036157
83.15876244,41.37705407,3,4.004693444,1,8.209,0.5352,243.8634324
83.15990568,44.7037818,3,4.007513687,1,8.209,0.5352,243.9380812
83.11203973,48.12687796,3,4.007105535,1,8.209,0.5352,243.927278
83.39462442,51.30142002,3,4.044524044,1,8.209,0.5352,244.917627
83.18558345,54.27029707,3,4.024422732,1,8.209,0.5352,244.3856279
83.25080169,57.66603029,3,4.029709719,1,8.209,0.5352,244.5255569
83.02613358,60.56631027,3,3.956867888,1,8.209,0.5352,242.5974102
83.14536483,64.16792437,3,3.969808746,1,8.209,0.5352,242.9400005
83.14618323,67.20790691,3,3.998860951,1,8.209,0.5352,243.7090498
82.96365548,70.42842107,3,4.078804033,1,8.209,0.5352,245.8247771
83.12978927,73.45463518,3,4.066545292,1,8.209,0.5352,245.500389
83.25254483,76.99050059,3,4.042992382,1,8.209,0.5352,244.8770917
83.16846095,79.77493608,3,4.018111287,1,8.209,0.5352,244.2185809
83.00143946,83.22578691,3,3.959307502,1,8.209,0.5352,242.6619968
83.22400169,86.60761806,3,4.042443508,1,8.209,0.5352,244.8625658
82.99555285,89.52473337,3,3.985130213,1,8.209,0.5352,243.3455908
83.24017904,92.97684722,3,3.96964467,1,8.209,0.5352,242.935657
83.35081745,95.94188634,3,4.021659371,1,8.209,0.5352,244.3124896
82.95009772,99.3200282,3,4.006726654,1,8.209,0.5352,243.9172494
82.96481247,102.593102,3,3.996175294,1,8.209,0.5352,243.6379608
82.95115076,105.5129506,3,3.98554742,1,8.209,0.5352,243.3566347
83.24308218,108.7265912,3,4.004733282,1,8.209,0.5352,243.8644869
86.64521226,12.90999587,3,3.959518699,1,8.209,0.5352,242.667588
86.16137456,15.77626115,3,4.029632378,1,8.209,0.5352,244.5235099
86.36705163,19.02967064,3,3.992295386,1,8.209,0.5352,243.5352588
86.63441914,22.16941991,3,4.021960795,1,8.209,0.5352,244.3204675
86.53924509,25.84369326,3,3.96659729,1,8.209,0.5352,242.8549836
86.17397725,28.63696383,3,4.002326035,1,8.209,0.5352,243.8007689
86.31156912,31.96132812,3,4.014765732,1,8.209,0.5352,244.1300313
86.31811576,34.98266108,3,4.059755972,1,8.209,0.5352,245.3207246
86.44137462,38.32536619,3,4.010780212,1,8.209,0.5352,244.0245417
86.41914105,41.8488113,3,4.054812484,1,8.209,0.5352,245.1899029
86.29529598,44.95699813,3,3.97412426,1,8.209,0.5352,243.0542435
86.34745639,47.85467339,3,3.974325571,1,8.209,0.5352,243.0595727
86.59510061,50.9682654,3,3.993225363,1,8.209,0.5352,243.5598756
86.60362255,54.51028379,3,4.06697198,1,8.209,0.5352,245.5116802
86.64205422,57.6389646,3,3.964085935,1,8.209,0.5352,242.7884997
86.51049643,60.89004056,3,3.973108332,1,8.209,0.5352,243.0273494
86.3791767,63.97987989,3,4.006175381,1,8.209,0.5352,243.9026578
86.28232288,67.17542793,3,3.954088106,1,8.209,0.5352,242.5238171
86.27576354,70.3292185,3,4.051947019,1,8.209,0.5352,245.1140716
86.39265459,73.80125651,3,4.044513288,1,8.209,0.5352,244.9173423
86.64354798,76.65412446,3,4.072640449,1,8.209,0.5352,245.6616797
86.28797519,80.06479424,3,4.030800821,1,8.209,0.5352,244.5544344
86.61887875,83.35414533,3,4.035321779,1,8.209,0.5352,244.6740862
86.61890035,86.18216279,3,4.005520443,1,8.209,0.5352,243.8853223
86.17028841,89.48852718,3,4.0535195,1,8.209,0.5352,245.1556857
86.28583216,92.90137469,3,4.077197468,1,8.209,0.5352,245.7822655
86.61582735,95.97421262,3,4.030553712,1,8.209,0.5352,244.5478943
86.22094148,99.40638609,3,3.981887614,1,8.209,0.5352,243.2597547
86.25953838,102.4264169,3,3.985537737,1,8.209,0.5352,243.3563784
86.45335352,105.3715401,3,4.036413439,1,8.209,0.5352,244.7029778
86.38144698,108.9386574,3,4.029956833,1,8.209,0.5352,244.5320971
89.49572573,12.94460048,3,4.02619064,1,8.209,0.5352,244.4324189
89.6109264,15.83919013,3,4.013398788,1,8.209,0.5352,244.0938509
89.6794329,18.96724604,3,4.039017125,1,8.209,0.5352,244.7718858
89.40504403,22.47762581,3,4.042595552,1,8.209,0.5352,244.8665896
89.81204841,25.77060801,3,3.992136772,1,8.209,0.5352,243.5310602
89.51955474,28.71396427,3,4.079439407,1,8.209,0.5352,245.8415898
89.38926545,32.14495054,3,3.964535194,1,8.209,0.5352,242.8003931
89.55902321,35.24623026,3,3.95672729,1,8.209,0.5352,242.5936879
89.40424428,38.29438662,3,4.046016943,1,8.209,0.5352,244.9571361
89.66515399,41.69227884,3,4.078039935,1,8.209,0.5352,245.8045582
89.69111804,44.55636056,3,3.961830474,1,8.209,0.5352,242.7287895
89.49213333,47.91377002,3,4.029132084,1,8.209,0.5352,244.510269
89.84076426,51.40433351,3,4.06900768,1,8.209,0.5352,245.5655495
89.73079908,54.19365897,3,3.965254904,1,8.209,0.5352,242.8194463
89.79821697,57.40554715,3,3.992762374,1,8.209,0.5352,243.5476201
89.72851378,60.62657689,3,3.968072938,1,8.209,0.5352,242.8940486
89.37609444,63.93074045,3,3.988883631,1,8.209,0.5352,243.4449475
89.37661577,67.20647748,3,4.041332373,1,8.209,0.5352,244.8331595
89.54341749,70.53769463,3,4.039401588,1,8.209,0.5352,244.7820607
89.56232352,73.72092406,3,3.995967016,1,8.209,0.5352,243.6324477
89.47419355,76.57548119,3,3.968528217,1,8.209,0.5352,242.9061012
89.60696805,80.18639231,3,3.967410938,1,8.209,0.5352,242.8765234
89.46514121,83.18128811,3,4.044162956,1,8.209,0.5352,244.9080708
89.73742849,86.18396362,3,4.081199013,1,8.209,0.5352,245.8881507
89.45693049,89.46669907,3,3.964007666,1,8.209,0.5352,242.7864276
89.76264573,92.57978408,3,4.077388701,1,8.209,0.5352,245.7873257
89.51831368,95.81530097,3,4.015553731,1,8.209,0.5352,244.150888
89.75208921,99.23966409,3,4.003867848,1,8.209,0.5352,243.8415796
89.77752182,102.3384944,3,3.97972185,1,8.209,0.5352,243.2024234
89.63805187,105.4721936,3,4.061979274,1,8.209,0.5352,245.3795599
89.41030184,108.6613824,3,4.034330538,1,8.209,0.5352,244.6478522
92.89302503,12.8178515,3,3.972208572,1,8.209,0.5352,243.0035305
92.73036625,15.95934957,3,4.031106076,1,8.209,0.5352,244.5625133
92.71099,19.44114165,3,4.035061585,1,8.209,0.5352,244.6672
92.99180861,22.6035259,3,3.99637271,1,8.209,0.5352,243.6431864
92.73413848,25.56460393,3,4.005376692,1,8.209,0.5352,243.8815173
92.83780803,28.86951934,3,3.963722227,1,8.209,0.5352,242.7788711
92.61243002,31.98445341,3,3.982407254,1,8.209,0.5352,243.2735104
92.86398752,35.32592959,3,3.993966656,1,8.209,0.5352,243.5794978
92.86169945,38.55552941,3,4.027031551,1,8.209,0.5352,244.454675
93.00608851,41.80225114,3,3.980817549,1,8.209,0.5352,243.2314284
92.90833454,44.80726232,3,4.002390858,1,8.209,0.5352,243.8024848
92.583672,48.0077697,3,4.022393055,1,8.209,0.5352,244.3319082
92.65934442,50.98346851,3,4.008027687,1,8.209,0.5352,243.9516862
92.65827288,54.2070994,3,4.080824278,1,8.209,0.5352,245.8782349
92.58219354,57.5528484,3,4.038762104,1,8.209,0.5352,244.7651366
92.62788232,60.68673544,3,4.076371578,1,8.209,0.5352,245.7604113
92.90377628,63.8620626,3,4.062116218,1,8.209,0.5352,245.3831839
92.60463335,67.37199749,3,3.992709248,1,8.209,0.5352,243.5462139
92.66290717,70.22826123,3,4.011135983,1,8.209,0.5352,244.0339583
92.74756451,73.57873867,3,4.008865644,1,8.209,0.5352,243.9738658
92.9757018,76.89294131,3,4.020252732,1,8.209,0.5352,244.2752596
92.84733667,80.00919515,3,4.037269358,1,8.209,0.5352,244.7256303
92.99822323,83.38400738,3,4.070287395,1,8.209,0.5352,245.5994134
92.58477791,86.2263514,3,4.076436226,1,8.209,0.5352,245.762122
92.69576918,89.45791007,3,3.968193643,1,8.209,0.5352,242.897244
93.01013162,92.96619605,3,4.028722503,1,8.209,0.5352,244.4994288
92.65317469,95.91873798,3,3.956417641,1,8.209,0.5352,242.5854902
92.91488262,99.27224333,3,4.057528352,1,8.209,0.5352,245.2617744
92.78550552,102.2361376,3,4.020941308,1,8.209,0.5352,244.2934845
92.8930365,105.5616953,3,4.070102662,1,8.209,0.5352,245.594525
92.93351715,109.0089362,3,3.985957673,1,8.209,0.5352,243.3674946
96.01263583,12.80395319,3,4.004026482,1,8.209,0.5352,243.8457785
95.90159491,15.86994338,3,3.993287539,1,8.209,0.5352,243.5615214
95.8808704,18.96344624,3,4.021702994,1,8.209,0.5352,244.3136442
95.85507438,22.38869199,3,3.964941133,1,8.209,0.5352,242.8111397
95.88747406,25.46808595,3,3.955140625,1,8.209,0.5352,242.551682
96.09944406,29.00791447,3,4.011002528,1,8.209,0.5352,244.030426
95.81494421,31.93522385,3,4.005118175,1,8.209,0.5352,243.8746746
96.05805525,35.40677572,3,4.028778118,1,8.209,0.5352,244.5009007
95.86170232,38.64068925,3,4.053997896,1,8.209,0.5352,245.1683458
95.89305928,41.57929049,3,4.038710522,1,8.209,0.5352,244.7637714
96.12231857,44.82811542,3,4.018764416,1,8.209,0.5352,244.2358676
95.78934309,48.23251671,3,4.065677084,1,8.209,0.5352,245.4774141
96.17125201,51.20771889,3,4.050513874,1,8.209,0.5352,245.0761448
95.94354287,54.56951454,3,3.979972454,1,8.209,0.5352,243.2090573
96.10948151,57.56640685,3,3.981691689,1,8.209,0.5352,243.2545683
96.05501089,60.56644593,3,4.007332256,1,8.209,0.5352,243.933279
96.05840218,64.03608772,3,3.976126371,1,8.209,0.5352,243.1072439
96.24061039,66.9781899,3,3.993122773,1,8.209,0.5352,243.55716
96.21036249,70.19205981,3,3.985198068,1,8.209,0.5352,243.347387
95.92021367,73.43184832,3,4.059356757,1,8.209,0.5352,245.3101601
96.17021704,76.77835311,3,4.033384192,1,8.209,0.5352,244.6228063
95.84477821,80.0925175,3,4.00684373,1,8.209,0.5352,243.9203483
95.94726986,82.98189924,3,4.065972512,1,8.209,0.5352,245.4852318
96.063876,86.51070019,3,4.035174442,1,8.209,0.5352,244.6701869
96.08198345,89.80240447,3,3.986755544,1,8.209,0.5352,243.3886151
95.75455096,92.88573341,3,4.067355614,1,8.209,0.5352,245.5218321
96.01682836,96.18980089,3,4.013257168,1,8.209,0.5352,244.0901025
95.95837948,99.10460676,3,4.051383445,1,8.209,0.5352,245.0991572
95.94564843,102.2461507,3,4.050471719,1,8.209,0.5352,245.0750292
95.89860907,105.5405464,3,4.053983666,1,8.209,0.5352,245.1679692
96.00091666,108.9138788,3,4.006267788,1,8.209,0.5352,243.9051037
99.30709184,13.00233563,3,4.076308801,1,8.209,0.5352,245.7587502
99.24604563,15.86682802,3,4.068013394,1,8.209,0.5352,245.5392385
99.23459489,19.07337872,3,3.960255302,1,8.209,0.5352,242.6870888
99.01187394,22.53593245,3,3.98304187,1,8.209,0.5352,243.2903096
99.16764308,25.43882156,3,4.02616866,1,8.209,0.5352,244.4318371
99.02593271,28.56239628,3,4.063400177,1,8.209,0.5352,245.4171611
99.15384002,31.88944706,3,3.961692513,1,8.209,0.5352,242.7251372
99.20995579,34.9739867,3,4.053250475,1,8.209,0.5352,245.1485662
99.21652783,38.44507259,3,4.078602564,1,8.209,0.5352,245.819446
99.35948686,41.45829145,3,4.009632736,1,8.209,0.5352,243.9941697
99.37993367,45.02911045,3,4.042153418,1,8.209,0.5352,244.8548885
99.21492432,47.89958405,3,4.073596264,1,8.209,0.5352,245.6869723
99.00095679,51.22320662,3,4.064374015,1,8.209,0.5352,245.4429315
99.25326936,54.2535797,3,3.972123704,1,8.209,0.5352,243.0012838
99.1419713,57.39883251,3,4.068249964,1,8.209,0.5352,245.5454986
99.37245212,60.7444567,3,3.990677863,1,8.209,0.5352,243.4924421
99.34401954,64.14770487,3,4.075098822,1,8.209,0.5352,245.7267323
99.26511101,66.9935186,3,4.006443947,1,8.209,0.5352,243.9097665
99.28477104,70.55790889,3,4.051094938,1,8.209,0.5352,245.0915221
99.4037001,73.81387196,3,3.984621973,1,8.209,0.5352,243.332137
99.43062211,77.00759931,3,4.005023952,1,8.209,0.5352,243.8721806
99.18379967,80.03049463,3,4.055601382,1,8.209,0.5352,245.21078
99.41731114,83.27315478,3,3.968768395,1,8.209,0.5352,242.9124594
99.39750491,86.31006982,3,4.052071706,1,8.209,0.5352,245.1173714
99.0184244,89.37366021,3,4.055106115,1,8.209,0.5352,245.1976734
99.33376769,92.60996066,3,4.015342419,1,8.209,0.5352,244.145295
99.18616755,96.19859239,3,4.022753112,1,8.209,0.5352,244.3414379
99.42756651,98.98070045,3,4.020362521,1,8.209,0.5352,244.2781655
99.27377774,102.5905836,3,4.07507332,1,8.209,0.5352,245.7260575
99.0047795,105.5813735,3,3.96402433,1,8.209,0.5352,242.7868688
99.17395134,108.6801385,3,3.994984888,1,8.209,0.5352,243.6064506
102.2825462,12.75782074,3,4.023344042,1,8.209,0.5352,244.3570781
102.4061783,16.21403015,3,4.02502048,1,8.209,0.5352,244.4014484
102.5937158,19.13831351,3,3.957800021,1,8.209,0.5352,242.6220876
102.2451396,22.23160669,3,4.006767176,1,8.209,0.5352,243.918322
102.3846927,25.59745056,3,4.081185912,1,8.209,0.5352,245.887804
102.6170947,28.66240888,3,4.047998556,1,8.209,0.5352,245.0095786
102.6144271,31.9107255,3,4.052076113,1,8.209,0.5352,245.117488
102.2436737,35.22826518,3,4.062105062,1,8.209,0.5352,245.3828886
102.2403125,38.26455116,3,4.073716599,1,8.209,0.5352,245.6901565
102.3572794,41.64993594,3,4.071394002,1,8.209,0.5352,245.6286964
102.2726296,44.84292944,3,3.961025063,1,8.209,0.5352,242.7074673
102.4811165,48.05702549,3,4.079459705,1,8.209,0.5352,245.8421269
102.4637549,51.00982444,3,3.991961704,1,8.209,0.5352,243.526426
102.5705494,54.31390991,3,4.010757458,1,8.209,0.5352,244.0239394
102.2415106,57.75911356,3,3.949800297,1,8.209,0.5352,242.4102984
102.5626622,60.62105535,3,3.961612507,1,8.209,0.5352,242.7230191
102.6210295,64.22899184,3,3.977174256,1,8.209,0.5352,243.1349837
102.5058978,67.37610204,3,3.979780598,1,8.209,0.5352,243.2039785
102.4545112,70.20270436,3,3.97554457,1,8.209,0.5352,243.0918424
102.5666494,73.40408889,3,4.078882896,1,8.209,0.5352,245.8268639
102.5032435,76.64248182,3,4.044804951,1,8.209,0.5352,244.9250611
102.3346807,79.79119372,3,4.039769852,1,8.209,0.5352,244.791807
102.4412641,83.42855416,3,3.959300723,1,8.209,0.5352,242.6618173
102.4742488,86.18136414,3,4.037210161,1,8.209,0.5352,244.7240636
102.5250391,89.60011739,3,3.97374985,1,8.209,0.5352,243.044332
102.3928052,93.02021401,3,3.980623717,1,8.209,0.5352,243.2262973
102.2885307,96.02012852,3,3.959342065,1,8.209,0.5352,242.6629118
102.2241504,99.35556055,3,4.005483932,1,8.209,0.5352,243.8843559
102.2480314,102.5108036,3,4.028059711,1,8.209,0.5352,244.481887
102.5479163,105.4289771,3,4.067421752,1,8.209,0.5352,245.5235823
102.2261388,108.6316938,3,3.977255528,1,8.209,0.5352,243.1371351
105.5976483,12.61399146,3,4.060412625,1,8.209,0.5352,245.3381017
105.6258016,16.15277976,3,3.959316422,1,8.209,0.5352,242.6622329
105.6371156,19.35988407,3,4.062253517,1,8.209,0.5352,245.3868172
105.6586349,22.23083022,3,4.045505161,1,8.209,0.5352,244.943592
105.529975,25.67694796,3,4.03553919,1,8.209,0.5352,244.6798402
105.6962676,28.74809586,3,3.951014,1,8.209,0.5352,242.4424311
105.5408101,31.89252612,3,4.021320983,1,8.209,0.5352,244.3035334
105.3644739,35.05772228,3,4.008576439,1,8.209,0.5352,243.9662109
105.4963688,38.30371862,3,3.960120606,1,8.209,0.5352,242.6835228
105.8293422,41.67316393,3,4.064649214,1,8.209,0.5352,245.450214
105.7286786,44.5980369,3,3.954994759,1,8.209,0.5352,242.5478203
105.5831628,48.16051805,3,4.032520094,1,8.209,0.5352,244.599937
105.6060522,51.01038621,3,4.079238334,1,8.209,0.5352,245.8362692
105.3572704,54.64999934,3,4.081254198,1,8.209,0.5352,245.8896109
105.6363594,57.76325113,3,3.958889668,1,8.209,0.5352,242.650935
105.5837139,60.70093017,3,4.013258365,1,8.209,0.5352,244.0901342
105.751939,63.96195927,3,3.986907841,1,8.209,0.5352,243.3926466
105.4526292,67.3796214,3,4.065092836,1,8.209,0.5352,245.4619534
105.5105263,70.24189805,3,4.074775504,1,8.209,0.5352,245.7181769
105.7371905,73.53451893,3,3.95786539,1,8.209,0.5352,242.6238182
105.5715719,76.58955963,3,3.995621113,1,8.209,0.5352,243.6232916
105.6830148,79.87799078,3,3.96166969,1,8.209,0.5352,242.724533
105.4323253,83.38428895,3,4.081259007,1,8.209,0.5352,245.8897382
105.3838941,86.60912981,3,4.066171029,1,8.209,0.5352,245.4904851
105.53306,89.8326099,3,4.012475196,1,8.209,0.5352,244.0694051
105.6907309,92.9369471,3,4.028749185,1,8.209,0.5352,244.500135
105.465813,96.09200463,3,3.982206179,1,8.209,0.5352,243.2681876
105.825552,98.98833091,3,4.046233318,1,8.209,0.5352,244.9628624
105.6460164,102.506021,3,4.04382467,1,8.209,0.5352,244.8991182
105.4974753,105.7101463,3,3.968854553,1,8.209,0.5352,242.9147403
105.4313934,108.9975829,3,3.995878622,1,8.209,0.5352,243.6301079
108.9378115,12.94038894,3,3.951974415,1,8.209,0.5352,242.4678579
108.8948487,16.21718407,3,3.973900259,1,8.209,0.5352,243.0483136
108.7420717,19.00078951,3,4.015087162,1,8.209,0.5352,244.1385389
108.7182145,22.48369535,3,3.994729183,1,8.209,0.5352,243.5996821
108.9121333,25.36466498,3,4.047963034,1,8.209,0.5352,245.0086386
108.9886748,28.58519285,3,4.006545127,1,8.209,0.5352,243.9124446
108.7699222,31.90608075,3,4.013117696,1,8.209,0.5352,244.0864109
108.6900057,35.39456702,3,3.98504295,1,8.209,0.5352,243.3432808
109.0073904,38.29527532,3,3.97718783,1,8.209,0.5352,243.135343
108.784041,41.38178477,3,4.069551747,1,8.209,0.5352,245.5799467
108.7526773,44.55017396,3,4.003973781,1,8.209,0.5352,243.8443835
108.6742957,47.97302026,3,4.076920464,1,8.209,0.5352,245.7749356
108.8022879,51.08985547,3,4.044634596,1,8.209,0.5352,244.9205527
108.6871666,54.3570514,3,3.98854636,1,8.209,0.5352,243.4360197
108.8786609,57.71184719,3,4.022894324,1,8.209,0.5352,244.3451754
108.8675872,60.84829699,3,3.992873923,1,8.209,0.5352,243.5505729
108.8975031,64.04012296,3,4.075533489,1,8.209,0.5352,245.7382343
109.0110095,67.04086943,3,4.030465855,1,8.209,0.5352,244.545569
108.8542634,70.61567932,3,4.015336195,1,8.209,0.5352,244.1451303
108.97859,73.61301807,3,4.016208263,1,8.209,0.5352,244.1682121
108.5641237,76.92656483,3,4.037521448,1,8.209,0.5352,244.732302
108.9674532,79.76633823,3,3.95431919,1,8.209,0.5352,242.529935
108.6148791,83.29923747,3,4.07591212,1,8.209,0.5352,245.7482534
109.0329083,86.40912076,3,3.992119232,1,8.209,0.5352,243.5305959
109.017085,89.69812519,3,4.029279317,1,8.209,0.5352,244.5141657
108.7844945,92.81821733,3,3.957084066,1,8.209,0.5352,242.6031333
108.6608437,96.10526457,3,4.056061534,1,8.209,0.5352,245.2229573
108.8027284,99.13879622,3,3.957062978,1,8.209,0.5352,242.602575
108.8136075,102.2768927,3,4.038233112,1,8.209,0.5352,244.7511365
108.948431,105.7063639,3,4.055761324,1,8.209,0.5352,245.2150127
109.0183718,108.7988668,3,4.001735188,1,8.209,0.5352,243.7851296
85.06443024,11.03247643,3,2.532353443,0,8.209,0.5352,204.7752982
55.8400383,69.56990814,3,2.596349221,0,8.209,0.5352,206.4791267
66.17111969,68.62060547,3,2.561112612,0,8.209,0.5352,205.5410391
15.5025816,102.5671387,3,2.527643991,0,8.209,0.5352,204.649896
108.4578857,33.79644775,3,2.555582672,0,8.209,0.5352,205.3938059
21.82660866,98.03108978,3,2.521644014,0,8.209,0.5352,204.4901265
93.71168518,76.83386993,3,2.525992042,0,8.209,0.5352,204.6059077
29.45128441,53.17708206,3,2.532478988,0,8.209,0.5352,204.7786412
53.15638351,28.38747025,3,2.50988881,0,8.209,0.5352,204.1770936
86.41217804,50.32662964,3,2.50702455,0,8.209,0.5352,204.1008181
67.08239746,84.73931122,3,2.561184508,0,8.209,0.5352,205.5429532
34.91661072,90.30649567,3,2.580841982,0,8.209,0.5352,206.0663012
60.77811813,30.33671379,3,2.517979568,0,8.209,0.5352,204.3925465
100.6155243,87.72634888,3,2.588500834,0,8.209,0.5352,206.2701943
73.85566711,94.15582275,3,2.538302404,0,8.209,0.5352,204.9337024
72.92668152,11.67423248,3,2.595177764,0,8.209,0.5352,206.4479417
42.75085068,51.17389297,3,2.580248189,0,8.209,0.5352,206.0504931
72.2468338,42.93741608,3,2.58146072,0,8.209,0.5352,206.0827734
85.14489746,109.9536514,3,2.555894005,0,8.209,0.5352,205.4020952
77.80337524,53.78487778,3,2.566799343,0,8.209,0.5352,205.6924432
40.57966995,93.18792725,3,2.580211896,0,8.209,0.5352,206.0495268
76.88188171,68.01908112,3,2.590039515,0,8.209,0.5352,206.3111562
103.7647629,95.32210541,3,2.570652813,0,8.209,0.5352,205.7950365
96.49965668,23.55051804,3,2.540249014,0,8.209,0.5352,204.9855343
38.85128403,105.301796,3,2.545105439,0,8.209,0.5352,205.1148435
55.6235199,109.7189636,3,2.5034778,0,8.209,0.5352,204.0063666
53.08800507,42.01057434,3,2.592286128,0,8.209,0.5352,206.3709637
30.5435524,35.64735031,3,2.549435639,0,8.209,0.5352,205.230139
18.44633102,93.83842468,3,2.536709416,0,8.209,0.5352,204.891286
46.74520111,51.1659317,3,2.569080347,0,8.209,0.5352,205.753172
85.22694397,48.16944885,3,2.551699734,0,8.209,0.5352,205.2904218
34.83572388,65.72737885,3,2.523094207,0,8.209,0.5352,204.5287431
30.27411461,79.53672028,3,2.59450959,0,8.209,0.5352,206.4301543
89.29933929,101.5992126,3,2.572757882,0,8.209,0.5352,205.8510804
54.84914398,40.71885681,3,2.59178617,0,8.209,0.5352,206.3576542
23.26869202,32.19604874,3,2.552503592,0,8.209,0.5352,205.3118248
90.30853271,91.70885468,3,2.558390772,0,8.209,0.5352,205.4685712
89.80560303,98.64489746,3,2.558732551,0,8.209,0.5352,205.477671
32.42041016,56.7648201,3,2.554771852,0,8.209,0.5352,205.3722178
60.89124298,38.02468109,3,2.528691286,0,8.209,0.5352,204.6777833
14.29943562,69.93634033,3,2.574821568,0,8.209,0.5352,205.906022
32.45649719,70.2869339,3,2.518140632,0,8.209,0.5352,204.3968355
24.90386009,45.25685501,3,2.506185806,0,8.209,0.5352,204.0784821
73.74933624,68.7960968,3,2.553398484,0,8.209,0.5352,205.3356516
13.4462719,79.51976013,3,2.527053207,0,8.209,0.5352,204.6341646
72.63792419,37.59665298,3,2.548981333,0,8.209,0.5352,205.2180428
89.56336975,66.72021484,3,2.557672673,0,8.209,0.5352,205.449452
75.22734833,44.68188858,3,2.56913445,0,8.209,0.5352,205.7546124
90.69379425,52.28403473,3,2.596375424,0,8.209,0.5352,206.4798242
13.63946915,17.90744972,3,2.552415764,0,8.209,0.5352,205.3094864
17.03828621,59.77886963,3,2.548817533,0,8.209,0.5352,205.2136815
33.6027565,96.75293732,3,2.595963669,0,8.209,0.5352,206.468863
25.25465775,61.35046005,3,2.554336804,0,8.209,0.5352,205.3606346
69.7197113,30.44309425,3,2.531635737,0,8.209,0.5352,204.7561875
68.83368683,48.4307518,3,2.529592615,0,8.209,0.5352,204.7017838
109.1552353,106.0671844,3,2.545248854,0,8.209,0.5352,205.1186621
55.20244217,88.19655609,3,2.570497936,0,8.209,0.5352,205.7909132
82.39445496,37.84365845,3,2.562072313,0,8.209,0.5352,205.5665905
89.9967804,38.48883438,3,2.514329004,0,8.209,0.5352,204.2953347
91.03050232,72.16256714,3,2.519457418,0,8.209,0.5352,204.4319001
16.81904602,108.278389,3,2.532964247,0,8.209,0.5352,204.7915624
101.2507553,12.08041954,3,2.536966252,0,8.209,0.5352,204.8981247
91.26565552,51.74763107,3,2.501018441,0,8.209,0.5352,203.940872
82.53739929,101.8752747,3,2.547092146,0,8.209,0.5352,205.1677416
27.15790176,34.05625153,3,2.557783508,0,8.209,0.5352,205.452403
68.96075439,77.96899414,3,2.512198436,0,8.209,0.5352,204.2385986
43.35501862,22.21050644,3,2.551783854,0,8.209,0.5352,205.2926615
109.4648972,53.5610466,3,2.592957067,0,8.209,0.5352,206.3888248
109.2585373,73.61127472,3,2.575503618,0,8.209,0.5352,205.9241801
103.4159164,89.30809021,3,2.578339213,0,8.209,0.5352,205.9996714
65.28369141,97.83317566,3,2.577955461,0,8.209,0.5352,205.9894549
28.82096481,88.2540741,3,2.580571419,0,8.209,0.5352,206.0590982
59.17028046,39.67194366,3,2.533362192,0,8.209,0.5352,204.8021587
85.84355164,70.22587585,3,2.536793041,0,8.209,0.5352,204.8935127
63.65606689,53.79760361,3,2.56659053,0,8.209,0.5352,205.6868838
19.81877899,27.21620369,3,2.522027183,0,8.209,0.5352,204.5003298
47.05729675,42.86148453,3,2.520761877,0,8.209,0.5352,204.4666364
70.13595581,78.43508911,3,2.507303947,0,8.209,0.5352,204.1082585
104.594635,59.14839554,3,2.501547289,0,8.209,0.5352,203.9549557
59.82479858,108.4017563,3,2.509804267,0,8.209,0.5352,204.1748423
26.89231491,108.3588791,3,2.513262296,0,8.209,0.5352,204.2669287
73.80357361,69.21199799,3,2.544662201,0,8.209,0.5352,205.1030418
91.12298584,59.00914001,3,2.59703092,0,8.209,0.5352,206.4972739
53.39393997,57.3012619,3,2.54478817,0,8.209,0.5352,205.1063958
31.36758423,86.67134857,3,2.538135409,0,8.209,0.5352,204.9292558
81.86084747,22.24722099,3,2.569056571,0,8.209,0.5352,205.752539
38.16653824,53.28864288,3,2.572806782,0,8.209,0.5352,205.8523822
99.29224396,103.5321274,3,2.519396544,0,8.209,0.5352,204.4302791
69.15454865,28.68886566,3,2.500895578,0,8.209,0.5352,203.9376001
103.4508972,60.22120667,3,2.592261255,0,8.209,0.5352,206.3703015
107.4828644,39.43877792,3,2.553433633,0,8.209,0.5352,205.3365875
10.92766953,100.449585,3,2.553793579,0,8.209,0.5352,205.3461711
99.17676544,37.54311371,3,2.543957704,0,8.209,0.5352,205.0842837
28.71532822,58.56365967,3,2.523565769,0,8.209,0.5352,204.5413001
23.85236931,75.47431183,3,2.556734687,0,8.209,0.5352,205.4244783
60.34026337,15.82265091,3,2.587583816,0,8.209,0.5352,206.2457819
38.85144806,75.82131958,3,2.536256576,0,8.209,0.5352,204.8792281
22.51945496,17.81046104,3,2.536300814,0,8.209,0.5352,204.8804061
73.93882751,72.417099,3,2.50887236,0,8.209,0.5352,204.1500256
27.463974,24.99350357,3,2.550801706,0,8.209,0.5352,205.2665114
69.88502502,45.13024902,3,2.513210088,0,8.209,0.5352,204.2655385
106.8139725,27.0460434,3,2.532914007,0,8.209,0.5352,204.7902246
105.203598,11.40598297,3,2.554442137,0,8.209,0.5352,205.3634391
98.46160126,36.85412979,3,2.534016347,0,8.209,0.5352,204.8195771
53.99396133,51.75852203,3,2.574251705,0,8.209,0.5352,205.8908506
20.71396255,47.29431915,3,2.539922714,0,8.209,0.5352,204.9768461
22.26088333,34.70678329,3,2.510008496,0,8.209,0.5352,204.1802809
28.67662048,35.44736481,3,2.514437556,0,8.209,0.5352,204.2982253
94.99202728,75.43180847,3,2.504649794,0,8.209,0.5352,204.0375775
93.01607513,51.81376266,3,2.525059652,0,8.209,0.5352,204.5810798
13.84548378,59.38169098,3,2.562249452,0,8.209,0.5352,205.5713067
105.4675751,105.4992981,3,2.550745714,0,8.209,0.5352,205.2650206
61.23477554,36.38618088,3,2.515557313,0,8.209,0.5352,204.3280438
71.11054993,28.4165802,3,2.562587029,0,8.209,0.5352,205.5802944
68.2960968,26.77449036,3,2.58565588,0,8.209,0.5352,206.194457
102.9060974,10.5787611,3,2.588309509,0,8.209,0.5352,206.265101
57.06153107,54.48697281,3,2.518852699,0,8.209,0.5352,204.4157971
19.47665024,17.62979507,3,2.516275185,0,8.209,0.5352,204.3471602
17.2493515,36.33073425,3,2.595725226,0,8.209,0.5352,206.4625155
34.40058899,42.86285782,3,2.515680319,0,8.209,0.5352,204.3313193
19.43481445,74.64250946,3,2.575275385,0,8.209,0.5352,205.9181039
49.85479736,82.27415466,3,2.596467257,0,8.209,0.5352,206.4822688
65.56716919,57.84944153,3,2.581998044,0,8.209,0.5352,206.0970782
97.06795502,62.61222076,3,2.528178251,0,8.209,0.5352,204.6641223
59.20544434,98.54106903,3,2.56375286,0,8.209,0.5352,205.6113337
84.08448792,58.52550888,3,2.520987809,0,8.209,0.5352,204.4726526
16.13139153,97.94145203,3,2.508556354,0,8.209,0.5352,204.1416103
50.97589111,59.25267792,3,2.528166461,0,8.209,0.5352,204.6638083
74.52620697,51.74381638,3,2.570333391,0,8.209,0.5352,205.7865324
26.00406647,44.97381592,3,2.574349463,0,8.209,0.5352,205.8934532
35.5183754,12.0143795,3,2.59903931,0,8.209,0.5352,206.5507382
41.88639069,44.65594101,3,2.544321394,0,8.209,0.5352,205.0939674
59.58134079,56.93975067,3,2.53144024,0,8.209,0.5352,204.7509819
109.2713623,55.4160614,3,2.572633493,0,8.209,0.5352,205.8477687
43.89313507,70.29830933,3,2.519808978,0,8.209,0.5352,204.4412618
57.78941727,54.92538071,3,2.548701501,0,8.209,0.5352,205.2105921
25.61959457,63.40505981,3,2.528826767,0,8.209,0.5352,204.6813909
39.90056992,109.866333,3,2.595663083,0,8.209,0.5352,206.4608612
78.02762604,66.77178192,3,2.556432909,0,8.209,0.5352,205.4164435
35.88240814,56.85246658,3,2.565868652,0,8.209,0.5352,205.6676646
19.67234421,108.6833344,3,2.559539765,0,8.209,0.5352,205.4991628
14.85603333,45.95697784,3,2.553043902,0,8.209,0.5352,205.3262108
60.06995773,94.8049469,3,2.500949615,0,8.209,0.5352,203.9390392
100.4192352,103.0588684,3,2.594560415,0,8.209,0.5352,206.4315073
79.73404694,30.94207001,3,2.516533315,0,8.209,0.5352,204.354034
68.08033752,51.05701447,3,2.534611434,0,8.209,0.5352,204.8354226
37.07455826,19.54798126,3,2.562199932,0,8.209,0.5352,205.5699883
74.32748413,22.87464333,3,2.572419655,0,8.209,0.5352,205.8420757
68.30552673,16.13339424,3,2.582540601,0,8.209,0.5352,206.1115222
63.60596085,32.52457428,3,2.592081451,0,8.209,0.5352,206.365515
29.21477127,77.12637329,3,2.545756406,0,8.209,0.5352,205.1321762
72.94394684,37.50622177,3,2.553388315,0,8.209,0.5352,205.3353809
36.14696503,47.12324524,3,2.587530577,0,8.209,0.5352,206.2443646
41.26948929,75.15166473,3,2.540219539,0,8.209,0.5352,204.9847495
17.15319061,108.3086624,3,2.511556768,0,8.209,0.5352,204.2215111
82.61211395,32.61304474,3,2.580342942,0,8.209,0.5352,206.0530156
96.11225891,86.22149658,3,2.517299592,0,8.209,0.5352,204.3744393
45.0483017,60.97343445,3,2.557769603,0,8.209,0.5352,205.4520327
108.3967896,61.30637741,3,2.537241197,0,8.209,0.5352,204.9054457
50.70481491,36.6650238,3,2.574387795,0,8.209,0.5352,205.8944737
72.52149963,22.08168221,3,2.589929402,0,8.209,0.5352,206.3082248
69.37200165,60.62928009,3,2.552062601,0,8.209,0.5352,205.3000833
98.05289459,79.16913605,3,2.588006675,0,8.209,0.5352,206.2570391
17.14086151,38.06245422,3,2.587880301,0,8.209,0.5352,206.2536748
50.03311157,48.0038681,3,2.578981364,0,8.209,0.5352,206.0167671
94.89822388,85.71078491,3,2.585208458,0,8.209,0.5352,206.1825458
78.20089722,96.1421051,3,2.514531755,0,8.209,0.5352,204.3007338
50.69122696,72.00852966,3,2.522772199,0,8.209,0.5352,204.5201685
36.06224823,108.2855911,3,2.5573542,0,8.209,0.5352,205.4409727
38.07827759,30.20381927,3,2.563892859,0,8.209,0.5352,205.6150611
101.235878,38.14067459,3,2.506776547,0,8.209,0.5352,204.0942138
92.00830078,47.91569519,3,2.545858282,0,8.209,0.5352,205.1348888
41.67793655,80.26177216,3,2.517855644,0,8.209,0.5352,204.3892465
109.6822586,102.1643372,3,2.579560405,0,8.209,0.5352,206.0321826
15.78486443,36.63727951,3,2.517676151,0,8.209,0.5352,204.3844668
68.59503174,95.62620544,3,2.557905263,0,8.209,0.5352,205.4556447
95.5451355,76.95119476,3,2.505404544,0,8.209,0.5352,204.0576768
79.12535858,29.97761154,3,2.544670779,0,8.209,0.5352,205.1032701
46.67072296,78.13009644,3,2.553568137,0,8.209,0.5352,205.3401687
90.06647491,29.02193832,3,2.561140776,0,8.209,0.5352,205.5417889
47.24026489,14.16560364,3,2.544119012,0,8.209,0.5352,205.0885787
20.4515152,38.90441895,3,2.552590579,0,8.209,0.5352,205.3141409
104.3069,21.7791729,3,2.5655514,0,8.209,0.5352,205.6592182
82.61621094,19.44647217,3,2.521145111,0,8.209,0.5352,204.4768414
56.99567413,95.64888763,3,2.569787019,0,8.209,0.5352,205.7719861
39.79229355,73.14526367,3,2.567580509,0,8.209,0.5352,205.7132408
104.8229904,57.68696976,3,2.544641769,0,8.209,0.5352,205.1024977
44.99537277,65.99549866,3,2.583056229,0,8.209,0.5352,206.1252493
61.13446808,11.78476143,3,2.589316726,0,8.209,0.5352,206.2919145
61.45556641,69.74480438,3,2.578358275,0,8.209,0.5352,206.0001789
46.21604919,77.03318024,3,2.562462771,0,8.209,0.5352,205.5769861
72.56828308,38.0912323,3,2.590780777,0,8.209,0.5352,206.3308895
106.6561737,105.2294006,3,2.555680704,0,8.209,0.5352,205.396416
32.63313675,95.94842529,3,2.538508397,0,8.209,0.5352,204.9391873
29.01610947,38.00311661,3,2.54911263,0,8.209,0.5352,205.2215387
80.20571136,107.8596039,3,2.572158176,0,8.209,0.5352,205.8351143
17.82351494,104.3494568,3,2.563825405,0,8.209,0.5352,205.6132652
86.9108429,87.31939697,3,2.562070721,0,8.209,0.5352,205.5665481
29.3204422,100.4079895,3,2.566055781,0,8.209,0.5352,205.6726467
98.82534027,14.2443676,3,2.581837142,0,8.209,0.5352,206.0927946
18.1721096,35.22505951,3,2.513082927,0,8.209,0.5352,204.2621522
91.87624359,73.04575348,3,2.527448416,0,8.209,0.5352,204.6446882
45.55843735,83.305336,3,2.504784089,0,8.209,0.5352,204.0411539
63.90538025,15.49838257,3,2.512466753,0,8.209,0.5352,204.2457437
56.76974869,22.59376335,3,2.518007112,0,8.209,0.5352,204.3932799
57.60377121,82.99940491,3,2.590973717,0,8.209,0.5352,206.3360258
16.09342575,61.52214432,3,2.515937626,0,8.209,0.5352,204.3381713
98.70899963,103.3482819,3,2.574690151,0,8.209,0.5352,205.9025233
79.69852448,37.44269562,3,2.54054665,0,8.209,0.5352,204.9934594
68.46973419,109.493309,3,2.502009469,0,8.209,0.5352,203.967264
88.19088745,19.75123596,3,2.509061182,0,8.209,0.5352,204.1550539
102.5972061,44.65484619,3,2.507745761,0,8.209,0.5352,204.1200241
15.4357481,79.33013916,3,2.544330239,0,8.209,0.5352,205.0942029
77.44989014,39.63293457,3,2.558960205,0,8.209,0.5352,205.4837322
36.88894272,42.49496841,3,2.555107129,0,8.209,0.5352,205.3811446
16.37281227,34.70497894,3,2.579178041,0,8.209,0.5352,206.0220031
40.67211533,86.44329834,3,2.594491673,0,8.209,0.5352,206.4296774
102.2691193,38.9740715,3,2.551110297,0,8.209,0.5352,205.2747278
69.3380661,22.57924271,3,2.586317337,0,8.209,0.5352,206.2120661
67.15838623,27.32384109,3,2.547691923,0,8.209,0.5352,205.1837112
48.80241394,32.711586,3,2.564673007,0,8.209,0.5352,205.6358318
66.15333557,15.07531643,3,2.591472417,0,8.209,0.5352,206.3493018
53.81958771,99.77919769,3,2.566706121,0,8.209,0.5352,205.6899613
98.05510712,41.82361221,3,2.512217641,0,8.209,0.5352,204.23911
46.21930313,93.83249664,3,2.522191769,0,8.209,0.5352,204.5047125
53.82562637,97.97397614,3,2.550686944,0,8.209,0.5352,205.2634558
94.77999878,31.91750717,3,2.548811519,0,8.209,0.5352,205.2135214
94.17443085,70.82404327,3,2.50882057,0,8.209,0.5352,204.1486464
101.2670059,99.92229462,3,2.597635007,0,8.209,0.5352,206.513355
96.19226074,29.73881721,3,2.505362982,0,8.209,0.5352,204.05657
16.83601761,66.66252899,3,2.572166252,0,8.209,0.5352,205.8353293
81.03907013,47.4689064,3,2.567861491,0,8.209,0.5352,205.7207216
18.96063614,88.90440369,3,2.563772267,0,8.209,0.5352,205.6118504
59.92938995,85.22909546,3,2.518633139,0,8.209,0.5352,204.4099504
74.37839508,20.59058189,3,2.564708179,0,8.209,0.5352,205.6367683
22.65834427,88.59985352,3,2.543812203,0,8.209,0.5352,205.0804095
35.28585434,40.74173355,3,2.575896466,0,8.209,0.5352,205.9346389
40.1456871,103.960083,3,2.510855961,0,8.209,0.5352,204.2028488
66.79518127,75.08338165,3,2.536618263,0,8.209,0.5352,204.8888588
88.69689178,62.94026566,3,2.539321029,0,8.209,0.5352,204.9608251
36.02503586,57.28151321,3,2.593903702,0,8.209,0.5352,206.4140251
61.45856476,12.68747139,3,2.582372451,0,8.209,0.5352,206.1070457
103.3299561,13.49663258,3,2.545541197,0,8.209,0.5352,205.126446
68.73252869,56.35874176,3,2.596961367,0,8.209,0.5352,206.4954224
10.24833488,39.42607117,3,2.55150618,0,8.209,0.5352,205.2852683
17.41972351,104.8137512,3,2.527032328,0,8.209,0.5352,204.6336086
20.18036842,29.13436127,3,2.572224462,0,8.209,0.5352,205.836879
43.37345886,77.83390045,3,2.586028594,0,8.209,0.5352,206.2043793
52.94751358,18.3353653,3,2.549215847,0,8.209,0.5352,205.2242869
58.72644424,16.70902443,3,2.520255578,0,8.209,0.5352,204.4531542
19.37745857,33.07385254,3,2.564798826,0,8.209,0.5352,205.6391816
38.88260269,12.47589874,3,2.577750015,0,8.209,0.5352,205.9839854
48.51564789,62.30479813,3,2.5376077,0,8.209,0.5352,204.9152046
96.10456848,24.1132164,3,2.509148663,0,8.209,0.5352,204.1573835
10.20951748,35.53617096,3,2.552496791,0,8.209,0.5352,205.3116438
43.39122391,13.94270897,3,2.530351299,0,8.209,0.5352,204.7219859
39.0851059,83.29416656,3,2.572139883,0,8.209,0.5352,205.8346272
65.41600037,27.84152222,3,2.539421403,0,8.209,0.5352,204.9634978
51.19103241,25.20149231,3,2.590558833,0,8.209,0.5352,206.3249811
74.2618103,31.99256706,3,2.539822602,0,8.209,0.5352,204.9741804
55.94300461,97.35670471,3,2.531642967,0,8.209,0.5352,204.75638
51.95301437,35.4912262,3,2.56464529,0,8.209,0.5352,205.6350939
55.73171997,40.53939438,3,2.592314178,0,8.209,0.5352,206.3717104
96.4580307,43.39219666,3,2.56635282,0,8.209,0.5352,205.6805551
62.32875061,72.51587677,3,2.557954031,0,8.209,0.5352,205.4569431
48.18695068,45.57360077,3,2.504978907,0,8.209,0.5352,204.0463419
49.58831406,76.79675293,3,2.569602913,0,8.209,0.5352,205.7670845
30.78710938,69.16471863,3,2.505022097,0,8.209,0.5352,204.0474921
98.21694946,79.44599915,3,2.541641897,0,8.209,0.5352,205.0226221
28.26317215,86.28731537,3,2.588338661,0,8.209,0.5352,206.265877
27.97464561,71.19342041,3,2.547222072,0,8.209,0.5352,205.171201
47.3591156,76.44578552,3,2.58182677,0,8.209,0.5352,206.0925185
18.95827484,31.88511276,3,2.5863864,0,8.209,0.5352,206.2139047
89.15073395,92.72131348,3,2.562011969,0,8.209,0.5352,205.5649839
54.62085342,30.64444542,3,2.562620395,0,8.209,0.5352,205.5811828
108.4128189,68.88280487,3,2.505488855,0,8.209,0.5352,204.0599221
68.6338501,99.51609802,3,2.556914651,0,8.209,0.5352,205.4292698
23.45986557,93.32174683,3,2.5954413,0,8.209,0.5352,206.4549572
11.02575302,43.67828751,3,2.543164456,0,8.209,0.5352,205.0631624
91.71018219,71.66161346,3,2.52936458,0,8.209,0.5352,204.6957117
66.71932983,108.1454163,3,2.590627003,0,8.209,0.5352,206.3267958
85.56716156,39.98570633,3,2.577566803,0,8.209,0.5352,205.9791078
87.24649811,56.89836502,3,2.511658448,0,8.209,0.5352,204.2242188
57.07273102,87.2512207,3,2.542447448,0,8.209,0.5352,205.044071
79.71621704,106.3691025,3,2.558281904,0,8.209,0.5352,205.4656727
101.1472321,84.27088165,3,2.514290392,0,8.209,0.5352,204.2943065
49.92597961,46.20123672,3,2.576297998,0,8.209,0.5352,205.9453288
55.44212723,96.42770386,3,2.565044576,0,8.209,0.5352,205.6457245
37.89082336,22.56305695,3,2.503502578,0,8.209,0.5352,204.0070265
62.0437355,28.07794952,3,2.532281262,0,8.209,0.5352,204.7733762
58.96073914,30.10525703,3,2.582767195,0,8.209,0.5352,206.1175546
56.22772598,74.34677887,3,2.53830719,0,8.209,0.5352,204.9338298
15.66606712,85.38478088,3,2.568579608,0,8.209,0.5352,205.7398405
22.19908524,69.1109314,3,2.53845126,0,8.209,0.5352,204.937666
11.63382721,34.87408066,3,2.526374918,0,8.209,0.5352,204.616103
14.33269501,109.7535553,3,2.537986052,0,8.209,0.5352,204.9252789
74.31728363,51.94579315,3,2.508390468,0,8.209,0.5352,204.1371928
95.17534637,103.9296951,3,2.548285437,0,8.209,0.5352,205.199514
97.57640839,26.15766144,3,2.500387651,0,8.209,0.5352,203.9240735
32.14394379,40.62400818,3,2.556299418,0,8.209,0.5352,205.4128893
76.55290222,102.5582733,3,2.551060921,0,8.209,0.5352,205.2734131
100.7498703,12.43317604,3,2.557709116,0,8.209,0.5352,205.4504223
35.69462204,108.1726532,3,2.523176098,0,8.209,0.5352,204.5309238
60.17706299,101.7346115,3,2.552998,0,8.209,0.5352,205.3249886
61.57305527,15.55932999,3,2.510904473,0,8.209,0.5352,204.2041406
91.74235535,66.30631256,3,2.568399817,0,8.209,0.5352,205.7350538
28.8633728,48.70058441,3,2.534270823,0,8.209,0.5352,204.8263531
26.08633423,62.17329788,3,2.575235033,0,8.209,0.5352,205.9170296
39.34692764,84.47892761,3,2.545502454,0,8.209,0.5352,205.1254145
29.57262039,29.40487099,3,2.575430024,0,8.209,0.5352,205.9222209
107.8588257,106.3016205,3,2.535049719,0,8.209,0.5352,204.847093
43.64966202,21.39982224,3,2.516127461,0,8.209,0.5352,204.3432264
14.89551544,50.64321899,3,2.52931658,0,8.209,0.5352,204.6944336
68.7305069,59.09674835,3,2.514536518,0,8.209,0.5352,204.3008606
106.5651932,89.21327972,3,2.536443663,0,8.209,0.5352,204.8842097
75.28491974,47.79775238,3,2.559373361,0,8.209,0.5352,205.4947323
20.88862991,66.72149658,3,2.566476846,0,8.209,0.5352,205.6838571
31.47210312,76.31628418,3,2.520376831,0,8.209,0.5352,204.4563831
104.539093,53.29452896,3,2.593733227,0,8.209,0.5352,206.4094869
30.12890244,61.82293701,3,2.596667576,0,8.209,0.5352,206.4876015
68.18586731,99.97382355,3,2.501735908,0,8.209,0.5352,203.9599788
40.14783478,79.43215942,3,2.508479476,0,8.209,0.5352,204.1395631
34.65716553,23.5775032,3,2.510182768,0,8.209,0.5352,204.1849217
64.65904236,77.75645447,3,2.551773971,0,8.209,0.5352,205.2923984
30.51817322,23.33090591,3,2.5362082,0,8.209,0.5352,204.8779401
69.92164612,82.52038574,3,2.525984746,0,8.209,0.5352,204.6057135
38.32520294,60.01235199,3,2.581748235,0,8.209,0.5352,206.0904277
56.90037537,13.81565094,3,2.504667968,0,8.209,0.5352,204.0380615
87.49139404,90.72666168,3,2.53443023,0,8.209,0.5352,204.8305977
91.16120911,49.28509521,3,2.545364469,0,8.209,0.5352,205.1217405
32.90878677,18.2098465,3,2.593883896,0,8.209,0.5352,206.4134978
