X,Y,species,dbh,a,b,AGE,H
12.76425152,12.91724576
12.77274175,16.14173234
12.98610185,19.0715556
12.68152537,22.29163882
12.62039201,25.77223737
12.61410173,28.7104991
12.80124294,32.144272
12.68748667,35.30898441
12.93563323,38.40031742
12.62028905,41.72423694
13.03128003,44.60706599
12.62992753,47.87821943
12.72178547,51.35980503
13.00367554,54.51458039
12.59842383,57.5370555
12.89040925,60.57341002
12.5829442,63.9321638
12.98493381,67.38826163
12.70076393,70.18372172
12.90176262,73.81481377
12.73892753,76.5516894
12.66022475,80.02554798
12.89820634,83.21109663
12.8277755,86.32981714
12.67371373,89.36019701
12.99338503,93.00367944
12.82341098,96.0649505
12.86788024,99.23887302
12.90887873,102.3867088
12.93311461,105.4453062
13.01772915,108.9649794
16.01319343,12.88010021
15.80017492,16.13556808
16.13855815,19.04603485
15.81260529,22.47599914
16.0139367,25.48390067
16.16792402,28.69450341
16.11326325,31.76798889
15.96443966,35.10162396
16.12986284,38.47066813
16.09565732,41.40356425
15.88050413,44.70022621
16.09085479,47.93045962
15.85984272,51.18754004
15.89511189,54.54628941
15.92963016,57.4684487
16.01066783,60.97480469
15.75206357,63.83370462
16.04648182,67.40084661
16.20165086,70.34337782
15.84787169,73.83143041
16.11496657,76.8275884
16.00310573,79.82596999
15.8626734,83.42044203
16.14882258,86.33001819
15.85318428,89.79904366
16.12115428,92.97189759
16.20234013,95.92446432
16.12442747,99.30659707
15.92847818,102.206536
16.21431765,105.6163088
16.15726602,108.6393497
19.10984356,12.98586513
18.96243523,16.2019732
19.03105284,19.42002783
19.19262902,22.18354758
18.97652597,25.69790286
19.0133041,28.64807265
19.34765686,31.8301523
19.38760666,35.40532852
19.01840408,38.31599414
18.9881861,41.66783581
19.04989053,44.74940343
19.15300552,47.93342394
19.13351865,51.23976664
19.17123042,54.37756517
19.12197627,57.56886399
19.19607047,60.8648492
19.13250811,64.13105509
19.20644949,67.31397338
19.33182789,70.32854252
19.06437842,73.7756236
19.13704605,76.71858873
19.33990656,80.20762074
19.19198812,83.33456085
19.2005258,86.55670782
19.10327871,89.72767884
19.28690313,92.88135271
19.04556609,95.90134159
19.12181608,99.37494148
18.97026248,102.4349062
19.22416649,105.7737374
19.27717484,108.7187956
22.46108135,12.72093351
22.36362194,15.93880612
22.42712429,19.3287007
22.20215457,22.27651634
22.33856221,25.81756807
22.38172161,28.72442411
22.6411921,32.03373846
22.32283621,35.06395872
22.64131507,38.39815229
22.43114948,41.40238563
22.64025786,44.75292303
22.21537035,48.06904674
22.50053498,51.41285096
22.2508887,54.4744912
22.37802639,57.7188899
22.16097646,60.91687195
22.47954592,64.01544216
22.41244196,67.44498278
22.33017519,70.5983566
22.34761232,73.51231108
22.15973827,76.80550476
22.49951898,79.78148121
22.64279189,83.04681019
22.36216145,86.56346347
22.35150632,89.69560588
22.41272401,93.00092374
22.40581181,95.88819477
22.3076207,99.23008866
22.43018576,102.4034885
22.29924332,105.3805015
22.5514554,108.919599
25.39654622,12.7096683
25.66206408,15.81248605
25.46985797,19.42482827
25.69271774,22.48545429
25.80779765,25.52042086
25.78496016,28.76711326
25.40618054,31.91134396
25.41506011,35.36537541
25.59715614,38.40974283
25.44701219,41.35622571
25.58802656,44.85855492
25.83444113,47.82800871
25.75983045,50.98575799
25.8088342,54.56673136
25.83506767,57.65119625
25.60097677,60.64175628
25.64893947,63.78285965
25.36746598,67.37626083
25.38347939,70.42449134
25.61917753,73.81183664
25.74894974,76.94139816
25.5735606,79.90160489
25.72187868,83.05633937
25.47763593,86.29122218
25.57411299,89.51236839
25.57357193,92.67215197
25.55226139,95.78450277
25.50371403,99.31657673
25.69190357,102.3870972
25.57694209,105.5283257
25.37593976,108.9487948
28.59563957,12.68339654
28.79126765,16.24515122
28.96631031,19.27552251
28.55738874,22.447557
28.81430506,25.47327412
28.95089831,28.75266062
28.81411951,32.12425801
28.77994378,35.21648855
28.61842929,38.29779106
28.66056444,41.75264171
28.66058021,44.62742962
28.59945508,48.13400447
28.66996907,51.014827
28.8286828,54.23859426
28.88469021,57.74179394
28.81423195,60.77392678
28.57082258,64.16243735
28.98525216,67.33927191
28.58273249,70.27225208
28.85588451,73.81017516
28.82376693,76.57604082
28.83654084,80.15461975
28.59171264,83.3015372
28.65651115,86.41520443
28.91839563,89.6306069
28.94477417,92.71671175
28.63779645,96.24490198
28.64088603,99.28344209
29.04205607,102.6078433
29.03282203,105.5756883
28.60974734,109.0298062
31.91491735,12.74823167
31.87031606,16.13345766
32.05669814,19.10466419
31.91265699,22.41101249
31.84958911,25.5648951
31.91750374,28.75856941
32.00785035,32.07598785
32.02561483,35.32807161
32.23490822,38.52375709
32.13900974,41.51892934
32.02389246,44.5811574
32.05646703,47.82152575
32.2491889,51.18362502
31.75160041,54.23298838
31.90838283,57.55324782
32.09038815,60.85460125
31.99896801,63.81863829
31.91003039,67.40523262
32.13919622,70.40238481
32.00600979,73.51015333
32.16744256,76.97295584
32.1992301,80.2496208
32.07946128,83.38293241
31.78010806,86.57660362
31.78790724,89.64044363
31.75149325,92.8380218
31.81349808,96.0856804
31.91729113,99.25887765
32.14219189,102.5693622
31.9886643,105.3736522
32.1077556,108.5550319
35.19399823,12.71734889
35.19434862,16.12714368
35.22147877,19.02166263
35.15726898,22.30848756
35.12796332,25.67187453
35.42565553,29.03485869
35.24535723,32.23086223
35.12009464,35.36246665
35.10298408,38.32549875
35.24963097,41.46339623
35.33554466,44.67277552
35.44687484,48.17028522
35.08521653,51.12350355
35.36131279,54.54639276
35.13226933,57.5204677
35.38269625,60.96543329
35.11357058,63.79290918
34.99138336,67.31055118
35.31335719,70.33421099
35.15750883,73.52681098
35.13564755,76.83466168
35.33585708,79.88657826
34.9926693,83.36617212
35.22831331,86.4521661
34.96867765,89.64082039
35.11076788,92.84512221
35.2435394,95.99009988
35.1463487,99.05653162
35.38545753,102.2367454
35.23185675,105.6577101
35.24721141,108.7560126
38.24311247,12.89833869
38.32074218,16.12048495
38.20444568,19.00216864
38.2986443,22.52787968
38.5233176,25.59832389
38.37641948,28.88223724
38.30333158,32.1533381
38.24505817,35.12230505
38.20415177,38.37181258
38.55065947,41.35275457
38.44125899,44.94714864
38.15102291,47.82440597
38.60797217,51.34548323
38.17106836,54.51796832
38.42911049,57.79470254
38.40395915,60.69067048
38.18067112,63.77540883
38.22980314,67.37015755
38.63489755,70.43571537
38.34880709,73.40502802
38.51511362,76.97674443
38.25075906,79.80638647
38.56969806,83.1807035
38.46771395,86.23978695
38.4995748,89.37841458
38.28175717,92.65194194
38.5985938,95.77817157
38.18472146,99.14157201
38.59117749,102.2028009
38.5117318,105.808771
38.27660795,108.9068
41.84041635,12.85126348
41.39162094,16.03476518
41.55496488,19.01136546
41.56249476,22.33345964
41.3594015,25.4550258
41.74340171,28.66504298
41.59362719,31.90863535
41.40154684,34.98336883
41.74076191,38.32517796
41.35597236,41.4680293
41.37807236,44.78144731
41.35250879,48.04950154
41.40329031,51.0490918
41.70317931,54.24093481
41.52069662,57.38636262
41.41193212,61.01095324
41.59634582,64.22243991
41.83357603,67.05684913
41.61680636,70.53121209
41.53779412,73.46254203
41.61079148,76.8163832
41.67511052,79.85067827
41.51805565,83.25478355
41.76668537,86.2632462
41.61493174,89.66975833
41.46481282,92.63008212
41.73088369,96.13150939
41.45599723,99.30964167
41.61544994,102.6062652
41.80348248,105.811412
41.43995235,108.701154
44.69219725,12.75804235
44.95831926,16.0948875
44.61747681,19.28546296
44.92627169,22.51552972
44.75674801,25.36866254
44.95580526,28.91207306
44.57073091,32.09032467
44.65825953,35.39971758
44.68216341,38.45332944
44.73924287,41.84210691
45.0122758,44.72132965
44.563818,47.90577167
44.77078109,51.1987801
44.67676564,54.24933841
44.65875577,57.37229503
44.57480134,60.95687925
44.76878636,63.96020862
44.65262039,67.44977708
44.7917565,70.54221373
44.86964585,73.73648146
44.76464968,76.56595363
44.80935474,79.98453009
44.7187426,83.15244196
44.92805733,86.52421089
44.71256416,89.74718577
44.91500457,93.01823978
44.85899507,95.7888867
44.71069862,99.15682901
44.58088307,102.1925952
44.85528155,105.3625211
44.95454882,108.5691932
47.93409437,12.66878899
48.19842276,15.92825133
47.92138898,19.41201989
47.84206632,22.47172251
47.86436301,25.5367477
47.89281484,28.58342956
48.13337398,31.86549363
48.05804673,35.43420608
48.03936166,38.55528205
47.86816892,41.50704995
47.7652446,44.55345108
47.77891186,48.04023862
47.85395724,51.38354121
48.24432752,54.55833491
47.98750257,57.55813712
47.93236557,60.97545855
47.9163956,64.04053763
47.87990269,67.38019825
48.02387226,70.30212867
48.00909999,73.73653946
48.13423902,76.64733453
48.05196354,79.8601827
47.79973817,83.10302214
48.05498305,86.15462759
47.92530364,89.79423345
47.76072368,92.71639739
48.21558249,95.85312101
47.78824595,99.04377933
48.05359703,102.5329617
48.15922877,105.7084554
48.04542255,108.8241233
51.37646003,13.01572766
51.04101239,15.93902004
51.04948415,18.97471927
51.03958825,22.54806539
51.42930539,25.76888592
51.25493477,28.70650582
51.34840895,32.05311576
51.32323281,35.39251746
51.07131739,38.59243488
51.18440471,41.70430205
51.00528396,44.87992724
51.14339356,47.92624909
51.29575164,51.10035769
51.04277061,54.26111355
51.41595269,57.61137319
51.09354584,60.58758425
50.98502393,64.23915705
51.03605662,67.22761781
51.17401255,70.31041139
51.42780952,73.83291332
51.18414767,76.96754267
50.9801502,80.12490249
51.40675236,83.43892537
50.99063651,86.34763058
50.99917145,89.56111879
51.04298959,92.91790287
51.23608984,95.97491196
51.27149825,99.38207175
51.12061651,102.5420717
51.1117513,105.4138394
51.36450912,108.6546688
54.32198664,12.91031237
54.34073674,16.03590411
54.18796911,19.15322189
54.42484718,22.59293559
54.28228267,25.77998579
54.20290493,28.7092384
54.45007732,31.87624785
54.62539142,35.26383705
54.2510111,38.54037767
54.56982052,41.63590864
54.30861535,44.58537497
54.15787726,48.00336683
54.49755057,51.22710202
54.44950961,54.51058646
54.45312788,57.8057192
54.43584841,61.03964381
54.51247116,64.21219864
54.37783038,67.44444741
54.32169476,70.31679105
54.16239935,73.73213456
54.46847185,76.82132061
54.4731605,79.80110842
54.62436845,83.08218305
54.19736283,86.47009077
54.30631801,89.57592178
54.61608469,92.65756534
54.49161162,95.80425724
54.54949742,99.19598682
54.44577893,102.5604443
54.2540822,105.3901304
54.24773457,108.6038327
57.40872428,12.86417415
57.36633742,15.91658497
57.68628923,19.29372297
57.71516258,22.30203089
57.44238744,25.6260509
57.77981997,28.90374963
57.69279269,32.15368035
57.81019897,35.29629184
57.44439814,38.60202562
57.76471556,41.4598783
57.41762844,44.71215649
57.55518538,47.79578084
57.68486748,51.07551507
57.55927492,54.33896878
57.58427671,57.64246071
57.69740576,60.77739607
57.39337919,63.95151803
57.49598706,67.01230402
57.37178413,70.25120311
57.68385107,73.61891464
57.40742717,76.8113028
57.49376679,80.19188964
57.62570122,83.34548209
57.4659068,86.18493005
57.44585297,89.59209473
57.67514217,92.97889142
57.69401995,96.22507182
57.4290405,99.03778971
57.50728331,102.3917637
57.60844207,105.6370728
57.38811115,108.7996097
60.55661391,12.69952138
60.99425258,16.23690444
60.57983344,19.09083692
60.57612665,22.55748096
60.6690992,25.79817391
60.75707652,28.69850587
60.76056461,31.82166585
60.59299131,35.16028054
60.88037943,38.54770725
60.92860903,41.3578097
60.84952371,44.88445165
60.61699899,48.21235418
60.60778247,51.03988777
61.02224733,54.39337429
60.89123588,57.73936886
60.97722073,60.69523876
60.62264012,63.80447009
60.99328317,67.15807439
60.99907391,70.64004909
60.64384087,73.66713128
60.88622557,76.80138465
60.66859033,79.89003867
60.75369577,83.43826846
60.9703445,86.53632643
61.01069092,89.53792513
60.80131211,93.04858719
60.72648208,96.01363513
60.56070502,98.95965405
60.84500467,102.310936
60.75054886,105.7751689
60.6279736,108.8282768
64.22066116,13.03961839
64.12292352,16.11794484
64.15365499,19.14643524
64.15114531,22.5892243
63.91467702,25.6153589
64.16977361,28.74211626
64.06118804,31.80135074
63.86564848,35.27781929
64.11491275,38.57283043
63.85923424,41.62790916
64.23347062,45.04678329
63.82058629,47.85643846
63.82927239,50.98207085
64.009146,54.29055181
64.24505717,57.50281954
63.78423879,60.73899173
64.22044516,63.94876251
63.75815025,67.28287013
64.00888103,70.27440947
63.88865551,73.74808041
64.12934291,77.04391982
63.93287662,80.0937252
63.86219198,83.19355379
63.80934307,86.57593473
64.22353768,89.35857672
64.04013053,92.67145078
63.77749366,96.18649152
64.06995258,99.37035133
63.77069914,102.1834742
63.88408068,105.5722908
64.19848114,108.7658875
67.27887584,12.89496704
67.44842951,16.06912464
67.25033278,19.29606251
66.99918233,22.41177585
67.25506772,25.68179668
67.43219118,28.82689725
67.35832341,31.85253498
67.38043259,35.02102799
67.31738974,38.18875151
67.01036088,41.38152388
67.07940645,44.90762081
67.33123432,47.79857886
67.1795565,51.11843775
67.19389443,54.4188871
67.02402503,57.72374064
67.4008734,60.56532078
67.16709901,63.83801237
66.97470466,67.18199838
67.31678243,70.52083468
67.25631152,73.78911874
67.42830218,76.74637063
67.13034896,80.05693561
67.36987956,83.15605013
67.29937361,86.2332479
67.27014233,89.76633359
67.15371673,92.78378056
67.28155251,95.92842874
67.40893541,99.22983105
67.11922468,102.4618356
67.30771689,105.7925564
67.35951002,109.0085943
70.50810196,12.9858165
70.36707562,16.03043485
70.15009829,19.21855555
70.5813316,22.61451014
70.50245466,25.79921836
70.54897171,29.00532763
70.31959232,32.17938498
70.20140385,35.10788227
70.33240345,38.2874726
70.57407039,41.54631577
70.30660077,44.60368677
70.48100864,47.89023489
70.57958283,51.29942564
70.26948958,54.64079549
70.43518981,57.36301244
70.45160961,60.58592712
70.30072501,63.75863096
70.63471048,67.25907321
70.37561699,70.29033929
70.29750239,73.360822
70.4260973,76.96803655
70.58376508,80.12780297
70.6052688,83.29725788
70.41050219,86.25822397
70.2829397,89.53967244
70.31242364,92.62842398
70.49459811,96.11615959
70.56963121,99.1598164
70.24390235,102.4493382
70.2903822,105.8205981
70.51806172,108.667424
73.72586349,12.56662615
73.39555878,15.86194092
73.47635314,18.96949069
73.56184257,22.20858517
73.82757226,25.84995199
73.56263,28.99751924
73.68381391,32.17872462
73.43903971,35.14835603
73.59503154,38.64579194
73.51810951,41.50420085
73.4851105,44.72559168
73.49946631,47.82164168
73.56178013,51.19727955
73.63769919,54.47363003
73.6425415,57.41694612
73.69231058,60.84962742
73.75598577,63.76366165
73.4421205,67.06239249
73.50287817,70.30622422
73.68599904,73.69578371
73.78638259,76.86248584
73.77680189,79.9529528
73.64580188,83.24813179
73.36038399,86.18930366
73.55320863,89.63678802
73.61656637,92.93959199
73.65734169,96.07833168
73.42393101,99.17354054
73.58414332,102.3472798
73.49531896,105.639345
73.52831182,108.9181313
76.80135064,12.6431066
76.62433692,16.23367536
76.70470237,19.20408414
76.81422366,22.35863181
76.84491103,25.79130728
77.00301607,28.59282832
76.87550675,31.84652939
76.90868213,35.41907967
76.60276012,38.25953245
76.59394689,41.81717942
76.8682506,44.97042187
76.88694682,47.75193697
76.94120042,51.04262463
77.03821214,54.45223036
77.0299493,57.37846542
76.66085245,60.84044956
76.64694457,63.8741959
76.62582036,67.09670551
76.68662213,70.43635219
76.70912828,73.46717969
76.70055287,76.90631534
76.91289337,80.05098939
76.9792298,83.06495009
77.00708558,86.42494353
76.67487078,89.51419658
76.96385379,92.59056418
76.82461189,95.85749033
76.58130516,99.35274864
76.75846641,102.2258853
76.71861251,105.3644472
77.00142442,108.8217549
79.86367184,12.5974638
79.84482619,15.99404591
79.97862816,18.98017053
80.14804903,22.45233395
80.23893827,25.52691353
80.22935614,28.87373244
80.01978147,31.98324868
79.97843793,35.06963892
79.77217323,38.52347332
79.95615789,41.61918167
79.91920543,44.81190552
79.94606629,47.96467865
80.21517724,51.17549155
80.00786695,54.50123712
80.05199158,57.43461639
79.95471218,60.8948689
79.82219225,64.06399241
79.80120084,66.9884962
80.07301664,70.48050117
79.85395446,73.78022311
79.81083912,76.87986334
80.24164662,80.08324772
79.94037998,83.16901175
79.80636027,86.60178986
79.94805509,89.66604257
79.90314838,92.78240942
80.0638411,95.86461958
79.77967253,99.42509038
79.76103133,102.1847066
79.83279476,105.6634654
80.0782572,108.7565031
83.16049631,12.86247136
83.11605142,16.2198844
83.05992938,19.15688453
83.39709322,22.58602413
83.13445945,25.54563565
83.18049679,28.71509807
83.43574895,31.96358112
82.99715738,35.08863927
83.13353283,38.39760982
83.15876244,41.37705407
83.15990568,44.7037818
83.11203973,48.12687796
83.39462442,51.30142002
83.18558345,54.27029707
83.25080169,57.66603029
83.02613358,60.56631027
83.14536483,64.16792437
83.14618323,67.20790691
82.96365548,70.42842107
83.12978927,73.45463518
83.25254483,76.99050059
83.16846095,79.77493608
83.00143946,83.22578691
83.22400169,86.60761806
82.99555285,89.52473337
83.24017904,92.97684722
83.35081745,95.94188634
82.95009772,99.3200282
82.96481247,102.593102
82.95115076,105.5129506
83.24308218,108.7265912
86.64521226,12.90999587
86.16137456,15.77626115
86.36705163,19.02967064
86.63441914,22.16941991
86.53924509,25.84369326
86.17397725,28.63696383
86.31156912,31.96132812
86.31811576,34.98266108
86.44137462,38.32536619
86.41914105,41.8488113
86.29529598,44.95699813
86.34745639,47.85467339
86.59510061,50.9682654
86.60362255,54.51028379
86.64205422,57.6389646
86.51049643,60.89004056
86.3791767,63.97987989
86.28232288,67.17542793
86.27576354,70.3292185
86.39265459,73.80125651
86.64354798,76.65412446
86.28797519,80.06479424
86.61887875,83.35414533
86.61890035,86.18216279
86.17028841,89.48852718
86.28583216,92.90137469
86.61582735,95.97421262
86.22094148,99.40638609
86.25953838,102.4264169
86.45335352,105.3715401
86.38144698,108.9386574
89.49572573,12.94460048
89.6109264,15.83919013
89.6794329,18.96724604
89.40504403,22.47762581
89.81204841,25.77060801
89.51955474,28.71396427
89.38926545,32.14495054
89.55902321,35.24623026
89.40424428,38.29438662
89.66515399,41.69227884
89.69111804,44.55636056
89.49213333,47.91377002
89.84076426,51.40433351
89.73079908,54.19365897
89.79821697,57.40554715
89.72851378,60.62657689
89.37609444,63.93074045
89.37661577,67.20647748
89.54341749,70.53769463
89.56232352,73.72092406
89.47419355,76.57548119
89.60696805,80.18639231
89.46514121,83.18128811
89.73742849,86.18396362
89.45693049,89.46669907
89.76264573,92.57978408
89.51831368,95.81530097
89.75208921,99.23966409
89.77752182,102.3384944
89.63805187,105.4721936
89.41030184,108.6613824
92.89302503,12.8178515
92.73036625,15.95934957
92.71099,19.44114165
92.99180861,22.6035259
92.73413848,25.56460393
92.83780803,28.86951934
92.61243002,31.98445341
92.86398752,35.32592959
92.86169945,38.55552941
93.00608851,41.80225114
92.90833454,44.80726232
92.583672,48.0077697
92.65934442,50.98346851
92.65827288,54.2070994
92.58219354,57.5528484
92.62788232,60.68673544
92.90377628,63.8620626
92.60463335,67.37199749
92.66290717,70.22826123
92.74756451,73.57873867
92.9757018,76.89294131
92.84733667,80.00919515
92.99822323,83.38400738
92.58477791,86.2263514
92.69576918,89.45791007
93.01013162,92.96619605
92.65317469,95.91873798
92.91488262,99.27224333
92.78550552,102.2361376
92.8930365,105.5616953
92.93351715,109.0089362
96.01263583,12.80395319
95.90159491,15.86994338
95.8808704,18.96344624
95.85507438,22.38869199
95.88747406,25.46808595
96.09944406,29.00791447
95.81494421,31.93522385
96.05805525,35.40677572
95.86170232,38.64068925
95.89305928,41.57929049
96.12231857,44.82811542
95.78934309,48.23251671
96.17125201,51.20771889
95.94354287,54.56951454
96.10948151,57.56640685
96.05501089,60.56644593
96.05840218,64.03608772
96.24061039,66.9781899
96.21036249,70.19205981
95.92021367,73.43184832
96.17021704,76.77835311
95.84477821,80.0925175
95.94726986,82.98189924
96.063876,86.51070019
96.08198345,89.80240447
95.75455096,92.88573341
96.01682836,96.18980089
95.95837948,99.10460676
95.94564843,102.2461507
95.89860907,105.5405464
96.00091666,108.9138788
99.30709184,13.00233563
99.24604563,15.86682802
99.23459489,19.07337872
99.01187394,22.53593245
99.16764308,25.43882156
99.02593271,28.56239628
99.15384002,31.88944706
99.20995579,34.9739867
99.21652783,38.44507259
99.35948686,41.45829145
99.37993367,45.02911045
99.21492432,47.89958405
99.00095679,51.22320662
99.25326936,54.2535797
99.1419713,57.39883251
99.37245212,60.7444567
99.34401954,64.14770487
99.26511101,66.9935186
99.28477104,70.55790889
99.4037001,73.81387196
99.43062211,77.00759931
99.18379967,80.03049463
99.41731114,83.27315478
99.39750491,86.31006982
99.0184244,89.37366021
99.33376769,92.60996066
99.18616755,96.19859239
99.42756651,98.98070045
99.27377774,102.5905836
99.0047795,105.5813735
99.17395134,108.6801385
102.2825462,12.75782074
102.4061783,16.21403015
102.5937158,19.13831351
102.2451396,22.23160669
102.3846927,25.59745056
102.6170947,28.66240888
102.6144271,31.9107255
102.2436737,35.22826518
102.2403125,38.26455116
102.3572794,41.64993594
102.2726296,44.84292944
102.4811165,48.05702549
102.4637549,51.00982444
102.5705494,54.31390991
102.2415106,57.75911356
102.5626622,60.62105535
102.6210295,64.22899184
102.5058978,67.37610204
102.4545112,70.20270436
102.5666494,73.40408889
102.5032435,76.64248182
102.3346807,79.79119372
102.4412641,83.42855416
102.4742488,86.18136414
102.5250391,89.60011739
102.3928052,93.02021401
102.2885307,96.02012852
102.2241504,99.35556055
102.2480314,102.5108036
102.5479163,105.4289771
102.2261388,108.6316938
105.5976483,12.61399146
105.6258016,16.15277976
105.6371156,19.35988407
105.6586349,22.23083022
105.529975,25.67694796
105.6962676,28.74809586
105.5408101,31.89252612
105.3644739,35.05772228
105.4963688,38.30371862
105.8293422,41.67316393
105.7286786,44.5980369
105.5831628,48.16051805
105.6060522,51.01038621
105.3572704,54.64999934
105.6363594,57.76325113
105.5837139,60.70093017
105.751939,63.96195927
105.4526292,67.3796214
105.5105263,70.24189805
105.7371905,73.53451893
105.5715719,76.58955963
105.6830148,79.87799078
105.4323253,83.38428895
105.3838941,86.60912981
105.53306,89.8326099
105.6907309,92.9369471
105.465813,96.09200463
105.825552,98.98833091
105.6460164,102.506021
105.4974753,105.7101463
105.4313934,108.9975829
108.9378115,12.94038894
108.8948487,16.21718407
108.7420717,19.00078951
108.7182145,22.48369535
108.9121333,25.36466498
108.9886748,28.58519285
108.7699222,31.90608075
108.6900057,35.39456702
109.0073904,38.29527532
108.784041,41.38178477
108.7526773,44.55017396
108.6742957,47.97302026
108.8022879,51.08985547
108.6871666,54.3570514
108.8786609,57.71184719
108.8675872,60.84829699
108.8975031,64.04012296
109.0110095,67.04086943
108.8542634,70.61567932
108.97859,73.61301807
108.5641237,76.92656483
108.9674532,79.76633823
108.6148791,83.29923747
109.0329083,86.40912076
109.017085,89.69812519
108.7844945,92.81821733
108.6608437,96.10526457
108.8027284,99.13879622
108.8136075,102.2768927
108.948431,105.7063639
109.0183718,108.7988668
85.06443024,11.03247643
55.8400383,69.56990814
66.17111969,68.62060547
15.5025816,102.5671387
108.4578857,33.79644775
21.82660866,98.03108978
93.71168518,76.83386993
29.45128441,53.17708206
53.15638351,28.38747025
86.41217804,50.32662964
67.08239746,84.73931122
34.91661072,90.30649567
60.77811813,30.33671379
100.6155243,87.72634888
73.85566711,94.15582275
72.92668152,11.67423248
42.75085068,51.17389297
72.2468338,42.93741608
85.14489746,109.9536514
77.80337524,53.78487778
40.57966995,93.18792725
76.88188171,68.01908112
103.7647629,95.32210541
96.49965668,23.55051804
38.85128403,105.301796
55.6235199,109.7189636
53.08800507,42.01057434
30.5435524,35.64735031
18.44633102,93.83842468
46.74520111,51.1659317
85.22694397,48.16944885
34.83572388,65.72737885
30.27411461,79.53672028
89.29933929,101.5992126
54.84914398,40.71885681
23.26869202,32.19604874
90.30853271,91.70885468
89.80560303,98.64489746
32.42041016,56.7648201
60.89124298,38.02468109
14.29943562,69.93634033
32.45649719,70.2869339
24.90386009,45.25685501
73.74933624,68.7960968
13.4462719,79.51976013
72.63792419,37.59665298
89.56336975,66.72021484
75.22734833,44.68188858
90.69379425,52.28403473
13.63946915,17.90744972
17.03828621,59.77886963
33.6027565,96.75293732
25.25465775,61.35046005
69.7197113,30.44309425
68.83368683,48.4307518
109.1552353,106.0671844
55.20244217,88.19655609
82.39445496,37.84365845
89.9967804,38.48883438
91.03050232,72.16256714
16.81904602,108.278389
101.2507553,12.08041954
91.26565552,51.74763107
82.53739929,101.8752747
27.15790176,34.05625153
68.96075439,77.96899414
43.35501862,22.21050644
109.4648972,53.5610466
109.2585373,73.61127472
103.4159164,89.30809021
65.28369141,97.83317566
28.82096481,88.2540741
59.17028046,39.67194366
85.84355164,70.22587585
63.65606689,53.79760361
19.81877899,27.21620369
47.05729675,42.86148453
70.13595581,78.43508911
104.594635,59.14839554
59.82479858,108.4017563
26.89231491,108.3588791
73.80357361,69.21199799
91.12298584,59.00914001
53.39393997,57.3012619
31.36758423,86.67134857
81.86084747,22.24722099
38.16653824,53.28864288
99.29224396,103.5321274
69.15454865,28.68886566
103.4508972,60.22120667
107.4828644,39.43877792
10.92766953,100.449585
99.17676544,37.54311371
28.71532822,58.56365967
23.85236931,75.47431183
60.34026337,15.82265091
38.85144806,75.82131958
22.51945496,17.81046104
73.93882751,72.417099
27.463974,24.99350357
69.88502502,45.13024902
106.8139725,27.0460434
105.203598,11.40598297
98.46160126,36.85412979
53.99396133,51.75852203
20.71396255,47.29431915
22.26088333,34.70678329
28.67662048,35.44736481
94.99202728,75.43180847
93.01607513,51.81376266
13.84548378,59.38169098
105.4675751,105.4992981
61.23477554,36.38618088
71.11054993,28.4165802
68.2960968,26.77449036
102.9060974,10.5787611
57.06153107,54.48697281
19.47665024,17.62979507
17.2493515,36.33073425
34.40058899,42.86285782
19.43481445,74.64250946
49.85479736,82.27415466
65.56716919,57.84944153
97.06795502,62.61222076
59.20544434,98.54106903
84.08448792,58.52550888
16.13139153,97.94145203
50.97589111,59.25267792
74.52620697,51.74381638
26.00406647,44.97381592
35.5183754,12.0143795
41.88639069,44.65594101
59.58134079,56.93975067
109.2713623,55.4160614
43.89313507,70.29830933
57.78941727,54.92538071
25.61959457,63.40505981
39.90056992,109.866333
78.02762604,66.77178192
35.88240814,56.85246658
19.67234421,108.6833344
14.85603333,45.95697784
60.06995773,94.8049469
100.4192352,103.0588684
79.73404694,30.94207001
68.08033752,51.05701447
37.07455826,19.54798126
74.32748413,22.87464333
68.30552673,16.13339424
63.60596085,32.52457428
29.21477127,77.12637329
72.94394684,37.50622177
36.14696503,47.12324524
41.26948929,75.15166473
17.15319061,108.3086624
82.61211395,32.61304474
96.11225891,86.22149658
45.0483017,60.97343445
108.3967896,61.30637741
50.70481491,36.6650238
72.52149963,22.08168221
69.37200165,60.62928009
98.05289459,79.16913605
17.14086151,38.06245422
50.03311157,48.0038681
94.89822388,85.71078491
78.20089722,96.1421051
50.69122696,72.00852966
36.06224823,108.2855911
38.07827759,30.20381927
101.235878,38.14067459
92.00830078,47.91569519
41.67793655,80.26177216
109.6822586,102.1643372
15.78486443,36.63727951
68.59503174,95.62620544
95.5451355,76.95119476
79.12535858,29.97761154
46.67072296,78.13009644
90.06647491,29.02193832
47.24026489,14.16560364
20.4515152,38.90441895
104.3069,21.7791729
82.61621094,19.44647217
56.99567413,95.64888763
39.79229355,73.14526367
104.8229904,57.68696976
44.99537277,65.99549866
61.13446808,11.78476143
61.45556641,69.74480438
46.21604919,77.03318024
72.56828308,38.0912323
106.6561737,105.2294006
32.63313675,95.94842529
29.01610947,38.00311661
80.20571136,107.8596039
17.82351494,104.3494568
86.9108429,87.31939697
29.3204422,100.4079895
98.82534027,14.2443676
18.1721096,35.22505951
91.87624359,73.04575348
45.55843735,83.305336
63.90538025,15.49838257
56.76974869,22.59376335
57.60377121,82.99940491
16.09342575,61.52214432
98.70899963,103.3482819
79.69852448,37.44269562
68.46973419,109.493309
88.19088745,19.75123596
102.5972061,44.65484619
15.4357481,79.33013916
77.44989014,39.63293457
36.88894272,42.49496841
16.37281227,34.70497894
40.67211533,86.44329834
102.2691193,38.9740715
69.3380661,22.57924271
67.15838623,27.32384109
48.80241394,32.711586
66.15333557,15.07531643
53.81958771,99.77919769
98.05510712,41.82361221
46.21930313,93.83249664
53.82562637,97.97397614
94.77999878,31.91750717
94.17443085,70.82404327
101.2670059,99.92229462
96.19226074,29.73881721
16.83601761,66.66252899
81.03907013,47.4689064
18.96063614,88.90440369
59.92938995,85.22909546
74.37839508,20.59058189
22.65834427,88.59985352
35.28585434,40.74173355
40.1456871,103.960083
66.79518127,75.08338165
88.69689178,62.94026566
36.02503586,57.28151321
61.45856476,12.68747139
103.3299561,13.49663258
68.73252869,56.35874176
10.24833488,39.42607117
17.41972351,104.8137512
20.18036842,29.13436127
43.37345886,77.83390045
52.94751358,18.3353653
58.72644424,16.70902443
19.37745857,33.07385254
38.88260269,12.47589874
48.51564789,62.30479813
96.10456848,24.1132164
10.20951748,35.53617096
43.39122391,13.94270897
39.0851059,83.29416656
65.41600037,27.84152222
51.19103241,25.20149231
74.2618103,31.99256706
55.94300461,97.35670471
51.95301437,35.4912262
55.73171997,40.53939438
96.4580307,43.39219666
62.32875061,72.51587677
48.18695068,45.57360077
49.58831406,76.79675293
30.78710938,69.16471863
98.21694946,79.44599915
28.26317215,86.28731537
27.97464561,71.19342041
47.3591156,76.44578552
18.95827484,31.88511276
89.15073395,92.72131348
54.62085342,30.64444542
108.4128189,68.88280487
68.6338501,99.51609802
23.45986557,93.32174683
11.02575302,43.67828751
91.71018219,71.66161346
66.71932983,108.1454163
85.56716156,39.98570633
87.24649811,56.89836502
57.07273102,87.2512207
79.71621704,106.3691025
101.1472321,84.27088165
49.92597961,46.20123672
55.44212723,96.42770386
37.89082336,22.56305695
62.0437355,28.07794952
58.96073914,30.10525703
56.22772598,74.34677887
15.66606712,85.38478088
22.19908524,69.1109314
11.63382721,34.87408066
14.33269501,109.7535553
74.31728363,51.94579315
95.17534637,103.9296951
97.57640839,26.15766144
32.14394379,40.62400818
76.55290222,102.5582733
100.7498703,12.43317604
35.69462204,108.1726532
60.17706299,101.7346115
61.57305527,15.55932999
91.74235535,66.30631256
28.8633728,48.70058441
26.08633423,62.17329788
39.34692764,84.47892761
29.57262039,29.40487099
107.8588257,106.3016205
43.64966202,21.39982224
14.89551544,50.64321899
68.7305069,59.09674835
106.5651932,89.21327972
75.28491974,47.79775238
20.88862991,66.72149658
31.47210312,76.31628418
104.539093,53.29452896
30.12890244,61.82293701
68.18586731,99.97382355
40.14783478,79.43215942
34.65716553,23.5775032
64.65904236,77.75645447
30.51817322,23.33090591
69.92164612,82.52038574
38.32520294,60.01235199
56.90037537,13.81565094
87.49139404,90.72666168
91.16120911,49.28509521
32.90878677,18.2098465
